id,session,session_seq,visit_id,block,n_change,n_no_change,hit_rate,fa_rate,correc
305,1,1,305_1_2023-08-02,1,1,1,0,0,0
305,1,1,305_1_2023-08-02,2,1,1,0,0,0
305,1,1,305_1_2023-08-02,3,1,1,0,0,0
305,1,1,305_1_2023-08-02,4,1,1,1,0,1
305,1,1,305_1_2023-08-02,5,1,1,1,0,1
305,2,2,305_2_2023-08-02,1,1,1,1,0,1
305,2,2,305_2_2023-08-02,2,1,1,1,0,1
305,2,2,305_2_2023-08-02,3,1,1,0,0,0
305,2,2,305_2_2023-08-02,4,1,1,0,0,0
305,2,2,305_2_2023-08-02,5,1,1,1,0,1
305,3,3,305_3_2023-08-02,1,1,1,0,0,0
305,3,3,305_3_2023-08-02,2,1,1,1,0,1
305,3,3,305_3_2023-08-02,3,1,1,0,0,0
305,3,3,305_3_2023-08-02,4,1,1,0,0,0
305,3,3,305_3_2023-08-02,5,1,1,1,0,1
306,1,1,306_1_2023-08-08,1,1,1,0,0,0
306,1,1,306_1_2023-08-08,2,1,1,0,0,0
306,1,1,306_1_2023-08-08,3,1,1,1,0,1
306,1,1,306_1_2023-08-08,4,1,1,0,0,0
306,1,1,306_1_2023-08-08,5,1,1,0,0,0
306,2,2,306_2_2023-08-08,1,1,1,1,0,1
306,2,2,306_2_2023-08-08,2,1,1,0,0,0
306,2,2,306_2_2023-08-08,3,1,1,0,0,0
306,2,2,306_2_2023-08-08,4,1,1,0,0,0
306,2,2,306_2_2023-08-08,5,1,1,0,0,0
306,3,3,306_3_2023-08-08,1,1,1,1,0,1
306,3,3,306_3_2023-08-08,2,1,1,1,0,1
306,3,3,306_3_2023-08-08,3,1,1,1,0,1
306,3,3,306_3_2023-08-08,4,1,1,1,0,1
306,3,3,306_3_2023-08-08,5,1,1,1,0,1
308,1,1,308_1_2023-08-18,1,1,1,0,0,0
308,1,1,308_1_2023-08-18,2,1,1,1,0,1
308,1,1,308_1_2023-08-18,3,1,1,1,0,1
308,1,1,308_1_2023-08-18,4,1,1,1,0,1
308,1,1,308_1_2023-08-18,5,1,1,1,0,1
308,2,2,308_2_2023-08-18,1,1,1,1,0,1
308,2,2,308_2_2023-08-18,2,1,1,1,0,1
308,2,2,308_2_2023-08-18,3,1,1,1,0,1
308,2,2,308_2_2023-08-18,4,1,1,0,0,0
308,2,2,308_2_2023-08-18,5,1,1,1,1,0
308,3,3,308_3_2023-08-18,1,1,1,1,0,1
308,3,3,308_3_2023-08-18,2,1,1,1,1,0
308,3,3,308_3_2023-08-18,3,1,1,1,0,1
308,3,3,308_3_2023-08-18,4,1,1,1,0,1
308,3,3,308_3_2023-08-18,5,1,1,1,0,1
309,1,1,309_1_2023-09-12,1,1,1,1,0,1
309,1,1,309_1_2023-09-12,2,1,1,1,0,1
309,1,1,309_1_2023-09-12,3,1,1,1,0,1
309,1,1,309_1_2023-09-12,4,1,1,1,0,1
309,1,1,309_1_2023-09-12,5,1,1,1,0,1
309,2,2,309_2_2023-09-12,1,1,1,0,0,0
309,2,2,309_2_2023-09-12,2,1,1,1,0,1
309,2,2,309_2_2023-09-12,3,1,1,0,0,0
309,2,2,309_2_2023-09-12,4,1,1,0,0,0
309,2,2,309_2_2023-09-12,5,1,1,0,0,0
312,1,1,312_1_2023-09-12,1,1,1,0,0,0
312,1,1,312_1_2023-09-12,2,1,1,1,0,1
312,1,1,312_1_2023-09-12,3,1,1,0,0,0
312,1,1,312_1_2023-09-12,4,1,1,0,0,0
312,1,1,312_1_2023-09-12,5,1,1,0,1,-1
312,2,2,312_2_2023-09-12,1,1,1,1,0,1
312,2,2,312_2_2023-09-12,2,1,1,0,0,0
312,2,2,312_2_2023-09-12,3,1,1,1,0,1
312,2,2,312_2_2023-09-12,4,1,1,1,0,1
312,2,2,312_2_2023-09-12,5,1,1,0,0,0
312,3,3,312_3_2023-09-12,1,1,1,0,0,0
312,3,3,312_3_2023-09-12,2,1,1,1,0,1
312,3,3,312_3_2023-09-12,3,1,1,1,0,1
312,3,3,312_3_2023-09-12,4,1,1,1,0,1
312,3,3,312_3_2023-09-12,5,1,1,1,0,1
313,1,1,313_1_2023-11-14,1,1,1,0,0,0
313,1,1,313_1_2023-11-14,2,1,1,1,0,1
313,1,1,313_1_2023-11-14,3,1,1,0,0,0
313,1,1,313_1_2023-11-14,4,1,1,1,0,1
313,1,1,313_1_2023-11-14,5,1,1,1,0,1
313,2,2,313_2_2023-11-14,1,1,1,0,1,-1
313,2,2,313_2_2023-11-14,2,1,1,1,1,0
313,2,2,313_2_2023-11-14,3,1,1,0,0,0
313,2,2,313_2_2023-11-14,4,1,1,1,0,1
313,2,2,313_2_2023-11-14,5,1,1,0,0,0
313,3,3,313_3_2023-11-14,1,1,1,0,0,0
313,3,3,313_3_2023-11-14,2,1,1,1,1,0
313,3,3,313_3_2023-11-14,3,1,1,0,0,0
313,3,3,313_3_2023-11-14,4,1,1,1,1,0
313,3,3,313_3_2023-11-14,5,1,1,0,0,0
314,1,1,314_1_2023-09-14,1,1,1,1,1,0
314,1,1,314_1_2023-09-14,2,1,1,0,0,0
314,1,1,314_1_2023-09-14,3,1,1,0,0,0
314,1,1,314_1_2023-09-14,4,1,1,1,1,0
314,1,1,314_1_2023-09-14,5,1,1,0,0,0
314,2,2,314_2_2023-09-14,1,1,1,1,0,1
314,2,2,314_2_2023-09-14,2,1,1,1,0,1
314,2,2,314_2_2023-09-14,3,1,1,1,0,1
314,2,2,314_2_2023-09-14,4,1,1,0,0,0
314,2,2,314_2_2023-09-14,5,1,1,0,0,0
314,3,3,314_3_2023-09-14,1,1,1,1,0,1
314,3,3,314_3_2023-09-14,2,1,1,0,0,0
314,3,3,314_3_2023-09-14,3,1,1,1,1,0
314,3,3,314_3_2023-09-14,4,1,1,0,0,0
314,3,3,314_3_2023-09-14,5,1,1,0,0,0
315,1,1,315_1_2023-10-11,1,1,1,1,1,0
315,1,1,315_1_2023-10-11,2,1,1,0,0,0
315,1,1,315_1_2023-10-11,3,1,1,1,0,1
315,1,1,315_1_2023-10-11,4,1,1,1,0,1
315,1,1,315_1_2023-10-11,5,1,1,1,0,1
315,2,2,315_2_2023-10-11,1,1,1,0,0,0
315,2,2,315_2_2023-10-11,2,1,1,0,0,0
315,2,2,315_2_2023-10-11,3,1,1,1,0,1
315,2,2,315_2_2023-10-11,4,1,1,0,0,0
315,2,2,315_2_2023-10-11,5,1,1,1,1,0
315,3,3,315_3_2023-10-11,1,1,1,0,0,0
315,3,3,315_3_2023-10-11,2,1,1,1,1,0
315,3,3,315_3_2023-10-11,3,1,1,1,0,1
315,3,3,315_3_2023-10-11,4,1,1,1,0,1
315,3,3,315_3_2023-10-11,5,1,1,0,0,0
316,1,1,316_1_2023-10-06,1,1,1,0,0,0
316,1,1,316_1_2023-10-06,2,1,1,1,0,1
316,1,1,316_1_2023-10-06,3,1,1,1,1,0
316,1,1,316_1_2023-10-06,4,1,1,1,0,1
316,1,1,316_1_2023-10-06,5,1,1,1,0,1
316,2,2,316_2_2023-10-06,1,1,1,1,0,1
316,2,2,316_2_2023-10-06,2,1,1,1,0,1
316,2,2,316_2_2023-10-06,3,1,1,1,0,1
316,2,2,316_2_2023-10-06,4,1,1,0,0,0
316,2,2,316_2_2023-10-06,5,1,1,1,0,1
316,3,3,316_3_2023-10-06,1,1,1,1,0,1
316,3,3,316_3_2023-10-06,2,1,1,1,0,1
316,3,3,316_3_2023-10-06,3,1,1,1,0,1
316,3,3,316_3_2023-10-06,4,1,1,0,0,0
316,3,3,316_3_2023-10-06,5,1,1,1,0,1
317,1,1,317_1_2023-10-13,1,1,1,1,0,1
317,1,1,317_1_2023-10-13,2,1,1,0,0,0
317,1,1,317_1_2023-10-13,3,1,1,0,0,0
317,1,1,317_1_2023-10-13,4,1,1,1,1,0
317,1,1,317_1_2023-10-13,5,1,1,0,0,0
317,2,2,317_2_2023-10-13,1,1,1,0,0,0
317,2,2,317_2_2023-10-13,2,1,1,0,0,0
317,2,2,317_2_2023-10-13,3,1,1,1,0,1
317,2,2,317_2_2023-10-13,4,1,1,0,0,0
317,2,2,317_2_2023-10-13,5,1,1,0,1,-1
317,3,3,317_3_2023-10-13,1,1,1,1,1,0
317,3,3,317_3_2023-10-13,2,1,1,0,0,0
317,3,3,317_3_2023-10-13,3,1,1,1,0,1
317,3,3,317_3_2023-10-13,4,1,1,0,0,0
317,3,3,317_3_2023-10-13,5,1,1,0,0,0
318,1,1,318_1_2024-01-10,1,1,1,1,1,0
318,1,1,318_1_2024-01-10,2,1,1,0,1,-1
318,1,1,318_1_2024-01-10,3,1,1,0,0,0
318,1,1,318_1_2024-01-10,4,1,1,1,0,1
318,1,1,318_1_2024-01-10,5,1,1,1,0,1
318,2,2,318_2_2024-01-10,1,1,1,1,0,1
318,2,2,318_2_2024-01-10,2,1,1,1,0,1
318,2,2,318_2_2024-01-10,3,1,1,1,0,1
318,2,2,318_2_2024-01-10,4,1,1,1,0,1
318,2,2,318_2_2024-01-10,5,1,1,1,0,1
318,3,3,318_3_2024-01-10,1,1,1,1,0,1
318,3,3,318_3_2024-01-10,2,1,1,1,0,1
318,3,3,318_3_2024-01-10,3,1,1,1,0,1
318,3,3,318_3_2024-01-10,4,1,1,0,0,0
318,3,3,318_3_2024-01-10,5,1,1,1,0,1
319,1,1,319_1_2024-01-05,1,1,1,1,1,0
319,1,1,319_1_2024-01-05,2,1,1,0,0,0
319,1,1,319_1_2024-01-05,3,1,1,1,0,1
319,1,1,319_1_2024-01-05,4,1,1,1,1,0
319,1,1,319_1_2024-01-05,5,1,1,0,1,-1
319,2,2,319_2_2024-01-05,1,1,1,0,0,0
319,2,2,319_2_2024-01-05,2,1,1,1,0,1
319,2,2,319_2_2024-01-05,3,1,1,1,0,1
319,2,2,319_2_2024-01-05,4,1,1,0,0,0
319,2,2,319_2_2024-01-05,5,1,1,0,0,0
319,3,3,319_3_2024-01-05,1,1,1,0,0,0
319,3,3,319_3_2024-01-05,2,1,1,1,0,1
319,3,3,319_3_2024-01-05,3,1,1,0,0,0
319,3,3,319_3_2024-01-05,4,1,1,0,0,0
319,3,3,319_3_2024-01-05,5,1,1,1,0,1
320,1,1,320_1_2024-01-24,1,1,1,0,0,0
320,1,1,320_1_2024-01-24,2,1,1,1,0,1
320,1,1,320_1_2024-01-24,3,1,1,0,0,0
320,1,1,320_1_2024-01-24,4,1,1,1,0,1
320,1,1,320_1_2024-01-24,5,1,1,1,0,1
320,2,2,320_2_2024-01-24,1,1,1,1,1,0
320,2,2,320_2_2024-01-24,2,1,1,1,0,1
320,2,2,320_2_2024-01-24,3,1,1,0,0,0
320,2,2,320_2_2024-01-24,4,1,1,1,0,1
320,2,2,320_2_2024-01-24,5,1,1,0,0,0
320,3,3,320_3_2024-01-24,1,1,1,0,0,0
320,3,3,320_3_2024-01-24,2,1,1,0,0,0
320,3,3,320_3_2024-01-24,3,1,1,0,0,0
320,3,3,320_3_2024-01-24,4,1,1,1,0,1
320,3,3,320_3_2024-01-24,5,1,1,0,0,0
321,1,1,321_1_2024-02-05,1,1,1,0,0,0
321,1,1,321_1_2024-02-05,2,1,1,1,1,0
321,1,1,321_1_2024-02-05,3,1,1,1,0,1
321,1,1,321_1_2024-02-05,4,1,1,0,0,0
321,1,1,321_1_2024-02-05,5,1,1,1,0,1
321,2,2,321_2_2024-02-05,1,1,1,0,0,0
321,2,2,321_2_2024-02-05,2,1,1,1,1,0
321,2,2,321_2_2024-02-05,3,1,1,0,0,0
321,2,2,321_2_2024-02-05,4,1,1,0,0,0
321,2,2,321_2_2024-02-05,5,1,1,0,0,0
321,3,3,321_3_2024-02-05,1,1,1,1,1,0
321,3,3,321_3_2024-02-05,2,1,1,1,1,0
321,3,3,321_3_2024-02-05,3,1,1,0,1,-1
321,3,3,321_3_2024-02-05,4,1,1,1,1,0
321,3,3,321_3_2024-02-05,5,1,1,0,1,-1
322,1,1,322_1_2024-02-13,1,1,1,1,0,1
322,1,1,322_1_2024-02-13,2,1,1,1,0,1
322,1,1,322_1_2024-02-13,3,1,1,1,0,1
322,1,1,322_1_2024-02-13,4,1,1,1,1,0
322,1,1,322_1_2024-02-13,5,1,1,0,0,0
322,2,2,322_2_2024-02-13,1,1,1,1,0,1
322,2,2,322_2_2024-02-13,2,1,1,1,0,1
322,2,2,322_2_2024-02-13,3,1,1,1,0,1
322,2,2,322_2_2024-02-13,4,1,1,1,0,1
322,2,2,322_2_2024-02-13,5,1,1,1,0,1
322,3,3,322_3_2024-02-13,1,1,1,1,0,1
322,3,3,322_3_2024-02-13,2,1,1,1,0,1
322,3,3,322_3_2024-02-13,3,1,1,1,0,1
322,3,3,322_3_2024-02-13,4,1,1,0,0,0
322,3,3,322_3_2024-02-13,5,1,1,1,0,1
323,1,1,323_1_2024-02-19,1,1,1,0,0,0
323,1,1,323_1_2024-02-19,2,1,1,1,0,1
323,1,1,323_1_2024-02-19,3,1,1,1,0,1
323,1,1,323_1_2024-02-19,4,1,1,1,0,1
323,1,1,323_1_2024-02-19,5,1,1,0,0,0
323,2,2,323_2_2024-02-19,1,1,1,0,0,0
323,2,2,323_2_2024-02-19,2,1,1,0,0,0
323,2,2,323_2_2024-02-19,3,1,1,1,0,1
323,2,2,323_2_2024-02-19,4,1,1,0,0,0
323,2,2,323_2_2024-02-19,5,1,1,0,0,0
323,3,3,323_3_2024-02-19,1,1,1,0,0,0
323,3,3,323_3_2024-02-19,2,1,1,0,0,0
323,3,3,323_3_2024-02-19,3,1,1,1,0,1
323,3,3,323_3_2024-02-19,4,1,1,1,0,1
323,3,3,323_3_2024-02-19,5,1,1,0,0,0
324,1,1,324_1_2024-02-28,1,1,1,1,0,1
324,1,1,324_1_2024-02-28,2,1,1,1,0,1
324,1,1,324_1_2024-02-28,3,1,1,0,0,0
324,1,1,324_1_2024-02-28,4,1,1,1,0,1
324,1,1,324_1_2024-02-28,5,1,1,1,0,1
324,2,2,324_2_2024-02-28,1,1,1,0,0,0
324,2,2,324_2_2024-02-28,2,1,1,0,0,0
324,2,2,324_2_2024-02-28,3,1,1,0,0,0
324,2,2,324_2_2024-02-28,4,1,1,0,0,0
324,2,2,324_2_2024-02-28,5,1,1,1,0,1
324,3,3,324_3_2024-02-28,1,1,1,1,0,1
324,3,3,324_3_2024-02-28,2,1,1,1,0,1
324,3,3,324_3_2024-02-28,3,1,1,1,0,1
324,3,3,324_3_2024-02-28,4,1,1,0,0,0
324,3,3,324_3_2024-02-28,5,1,1,0,0,0
325,1,1,325_1_2024-02-22,1,1,1,1,0,1
325,1,1,325_1_2024-02-22,2,1,1,1,0,1
325,1,1,325_1_2024-02-22,3,1,1,1,0,1
325,1,1,325_1_2024-02-22,4,1,1,1,0,1
325,1,1,325_1_2024-02-22,5,1,1,1,0,1
325,2,2,325_2_2024-02-22,1,1,1,0,0,0
325,2,2,325_2_2024-02-22,2,1,1,0,0,0
325,2,2,325_2_2024-02-22,3,1,1,0,0,0
325,2,2,325_2_2024-02-22,4,1,1,0,0,0
325,2,2,325_2_2024-02-22,5,1,1,1,0,1
325,3,3,325_3_2024-02-22,1,1,1,1,0,1
325,3,3,325_3_2024-02-22,2,1,1,1,0,1
325,3,3,325_3_2024-02-22,3,1,1,1,0,1
325,3,3,325_3_2024-02-22,4,1,1,0,0,0
325,3,3,325_3_2024-02-22,5,1,1,1,1,0
326,1,1,326_1_2024-03-11,1,1,1,0,0,0
326,1,1,326_1_2024-03-11,2,1,1,1,0,1
326,1,1,326_1_2024-03-11,3,1,1,1,1,0
326,1,1,326_1_2024-03-11,4,1,1,1,1,0
326,1,1,326_1_2024-03-11,5,1,1,1,0,1
326,2,2,326_2_2024-03-11,1,1,1,1,0,1
326,2,2,326_2_2024-03-11,2,1,1,0,1,-1
326,2,2,326_2_2024-03-11,3,1,1,0,0,0
326,2,2,326_2_2024-03-11,4,1,1,1,0,1
326,2,2,326_2_2024-03-11,5,1,1,1,1,0
326,3,3,326_3_2024-03-11,1,1,1,1,0,1
326,3,3,326_3_2024-03-11,2,1,1,1,0,1
326,3,3,326_3_2024-03-11,3,1,1,0,0,0
326,3,3,326_3_2024-03-11,4,1,1,1,0,1
326,3,3,326_3_2024-03-11,5,1,1,1,0,1
327,1,1,327_1_2024-03-14,1,1,1,0,0,0
327,1,1,327_1_2024-03-14,2,1,1,1,0,1
327,1,1,327_1_2024-03-14,3,1,1,0,0,0
327,1,1,327_1_2024-03-14,4,1,1,0,0,0
327,1,1,327_1_2024-03-14,5,1,1,0,0,0
327,2,2,327_2_2024-03-14,1,1,1,1,0,1
327,2,2,327_2_2024-03-14,2,1,1,0,0,0
327,2,2,327_2_2024-03-14,3,1,1,0,0,0
327,2,2,327_2_2024-03-14,4,1,1,1,0,1
327,2,2,327_2_2024-03-14,5,1,1,0,0,0
327,3,3,327_3_2024-03-14,1,1,1,1,0,1
327,3,3,327_3_2024-03-14,2,1,1,1,0,1
327,3,3,327_3_2024-03-14,3,1,1,1,0,1
327,3,3,327_3_2024-03-14,4,1,1,1,0,1
327,3,3,327_3_2024-03-14,5,1,1,0,0,0
328,1,1,328_1_2024-03-26,1,1,1,1,0,1
328,1,1,328_1_2024-03-26,2,1,1,0,0,0
328,1,1,328_1_2024-03-26,3,1,1,1,0,1
328,1,1,328_1_2024-03-26,4,1,1,1,0,1
328,1,1,328_1_2024-03-26,5,1,1,0,1,-1
328,2,2,328_2_2024-03-26,1,1,1,1,0,1
328,2,2,328_2_2024-03-26,2,1,1,0,0,0
328,2,2,328_2_2024-03-26,3,1,1,1,0,1
328,2,2,328_2_2024-03-26,4,1,1,1,0,1
328,2,2,328_2_2024-03-26,5,1,1,0,1,-1
328,3,3,328_3_2024-03-26,1,1,1,1,0,1
328,3,3,328_3_2024-03-26,2,1,1,0,0,0
328,3,3,328_3_2024-03-26,3,1,1,0,1,-1
328,3,3,328_3_2024-03-26,4,1,1,1,0,1
328,3,3,328_3_2024-03-26,5,1,1,0,0,0
329,1,1,329_1_2024-04-02,1,1,1,1,1,0
329,1,1,329_1_2024-04-02,2,1,1,1,0,1
329,1,1,329_1_2024-04-02,3,1,1,0,1,-1
329,1,1,329_1_2024-04-02,4,1,1,0,0,0
329,1,1,329_1_2024-04-02,5,1,1,0,0,0
329,2,2,329_2_2024-04-02,1,1,1,1,0,1
329,2,2,329_2_2024-04-02,2,1,1,0,0,0
329,2,2,329_2_2024-04-02,3,1,1,0,0,0
329,2,2,329_2_2024-04-02,4,1,1,0,1,-1
329,2,2,329_2_2024-04-02,5,1,1,0,0,0
329,3,3,329_3_2024-04-02,1,1,1,0,0,0
329,3,3,329_3_2024-04-02,2,1,1,0,1,-1
329,3,3,329_3_2024-04-02,3,1,1,1,1,0
329,3,3,329_3_2024-04-02,4,1,1,0,0,0
329,3,3,329_3_2024-04-02,5,1,1,1,1,0
330,1,1,330_1_2024-04-11,1,1,1,1,0,1
330,1,1,330_1_2024-04-11,2,1,1,1,0,1
330,1,1,330_1_2024-04-11,3,1,1,1,1,0
330,1,1,330_1_2024-04-11,4,1,1,0,1,-1
330,1,1,330_1_2024-04-11,5,1,1,0,0,0
330,2,2,330_2_2024-04-11,1,1,1,0,0,0
330,2,2,330_2_2024-04-11,2,1,1,0,0,0
330,2,2,330_2_2024-04-11,3,1,1,1,0,1
330,2,2,330_2_2024-04-11,4,1,1,0,0,0
330,2,2,330_2_2024-04-11,5,1,1,1,0,1
330,3,3,330_3_2024-04-11,1,1,1,0,0,0
330,3,3,330_3_2024-04-11,2,1,1,1,0,1
330,3,3,330_3_2024-04-11,3,1,1,1,0,1
330,3,3,330_3_2024-04-11,4,1,1,1,0,1
330,3,3,330_3_2024-04-11,5,1,1,1,0,1
331,1,1,331_1_2024-04-29,1,1,1,1,0,1
331,1,1,331_1_2024-04-29,2,1,1,1,0,1
331,1,1,331_1_2024-04-29,3,1,1,1,0,1
331,1,1,331_1_2024-04-29,4,1,1,1,0,1
331,1,1,331_1_2024-04-29,5,1,1,1,1,0
331,2,2,331_2_2024-04-29,1,1,1,1,0,1
331,2,2,331_2_2024-04-29,2,1,1,1,0,1
331,2,2,331_2_2024-04-29,3,1,1,1,0,1
331,2,2,331_2_2024-04-29,4,1,1,1,0,1
331,2,2,331_2_2024-04-29,5,1,1,1,0,1
331,3,3,331_3_2024-04-29,1,1,1,1,0,1
331,3,3,331_3_2024-04-29,2,1,1,0,1,-1
331,3,3,331_3_2024-04-29,3,1,1,1,0,1
331,3,3,331_3_2024-04-29,4,1,1,0,0,0
331,3,3,331_3_2024-04-29,5,1,1,0,0,0
332,1,1,332_1_2024-07-10,1,1,1,0,0,0
332,1,1,332_1_2024-07-10,2,1,1,0,0,0
332,1,1,332_1_2024-07-10,3,1,1,0,0,0
332,1,1,332_1_2024-07-10,4,1,1,1,0,1
332,1,1,332_1_2024-07-10,5,1,1,1,0,1
332,2,2,332_2_2024-07-10,1,1,1,0,0,0
332,2,2,332_2_2024-07-10,2,1,1,0,0,0
332,2,2,332_2_2024-07-10,3,1,1,0,0,0
332,2,2,332_2_2024-07-10,4,1,1,0,0,0
332,2,2,332_2_2024-07-10,5,1,1,0,0,0
332,3,3,332_3_2024-07-10,1,1,1,0,0,0
332,3,3,332_3_2024-07-10,2,1,1,0,0,0
332,3,3,332_3_2024-07-10,3,1,1,0,0,0
332,3,3,332_3_2024-07-10,4,1,1,1,0,1
332,3,3,332_3_2024-07-10,5,1,1,0,0,0
333,1,1,333_1_2024-05-09,1,1,1,0,0,0
333,1,1,333_1_2024-05-09,2,1,1,0,0,0
333,1,1,333_1_2024-05-09,3,1,1,0,0,0
333,1,1,333_1_2024-05-09,4,1,1,0,1,-1
333,1,1,333_1_2024-05-09,5,1,1,0,0,0
333,2,2,333_2_2024-05-09,1,1,1,0,0,0
333,2,2,333_2_2024-05-09,2,1,1,0,1,-1
333,2,2,333_2_2024-05-09,3,1,1,0,0,0
333,2,2,333_2_2024-05-09,4,1,1,0,0,0
333,2,2,333_2_2024-05-09,5,1,1,1,0,1
333,3,3,333_3_2024-05-09,1,1,1,0,0,0
333,3,3,333_3_2024-05-09,2,1,1,0,0,0
333,3,3,333_3_2024-05-09,3,1,1,0,0,0
333,3,3,333_3_2024-05-09,4,1,1,1,0,1
333,3,3,333_3_2024-05-09,5,1,1,0,0,0
334,1,1,334_1_2024-05-07,1,1,1,1,1,0
334,1,1,334_1_2024-05-07,2,1,1,0,0,0
334,1,1,334_1_2024-05-07,3,1,1,0,0,0
334,1,1,334_1_2024-05-07,4,1,1,1,1,0
334,1,1,334_1_2024-05-07,5,1,1,1,0,1
334,2,2,334_2_2024-05-07,1,1,1,1,0,1
334,2,2,334_2_2024-05-07,2,1,1,1,1,0
334,2,2,334_2_2024-05-07,3,1,1,1,0,1
334,2,2,334_2_2024-05-07,4,1,1,1,0,1
334,2,2,334_2_2024-05-07,5,1,1,0,0,0
334,3,3,334_3_2024-05-07,1,1,1,0,0,0
334,3,3,334_3_2024-05-07,2,1,1,1,1,0
334,3,3,334_3_2024-05-07,3,1,1,1,0,1
334,3,3,334_3_2024-05-07,4,1,1,1,1,0
334,3,3,334_3_2024-05-07,5,1,1,1,0,1
335,1,1,335_1_2024-05-13,1,1,1,1,0,1
335,1,1,335_1_2024-05-13,2,1,1,0,0,0
335,1,1,335_1_2024-05-13,3,1,1,0,0,0
335,1,1,335_1_2024-05-13,4,1,1,0,0,0
335,1,1,335_1_2024-05-13,5,1,1,0,0,0
335,2,2,335_2_2024-05-13,1,1,1,1,0,1
335,2,2,335_2_2024-05-13,2,1,1,0,0,0
335,2,2,335_2_2024-05-13,3,1,1,0,0,0
335,2,2,335_2_2024-05-13,4,1,1,0,0,0
335,2,2,335_2_2024-05-13,5,1,1,0,0,0
335,3,3,335_3_2024-05-13,1,1,1,1,0,1
335,3,3,335_3_2024-05-13,2,1,1,1,0,1
335,3,3,335_3_2024-05-13,3,1,1,0,0,0
335,3,3,335_3_2024-05-13,4,1,1,0,0,0
335,3,3,335_3_2024-05-13,5,1,1,1,0,1
336,1,1,336_1_2024-05-23,1,1,1,1,0,1
336,1,1,336_1_2024-05-23,2,1,1,0,0,0
336,1,1,336_1_2024-05-23,3,1,1,0,0,0
336,1,1,336_1_2024-05-23,4,1,1,1,0,1
336,1,1,336_1_2024-05-23,5,1,1,1,0,1
336,2,2,336_2_2024-05-23,1,1,1,0,0,0
336,2,2,336_2_2024-05-23,2,1,1,0,0,0
336,2,2,336_2_2024-05-23,3,1,1,0,0,0
336,2,2,336_2_2024-05-23,4,1,1,0,0,0
336,2,2,336_2_2024-05-23,5,1,1,1,0,1
336,3,3,336_3_2024-05-23,1,1,1,1,0,1
336,3,3,336_3_2024-05-23,2,1,1,0,0,0
336,3,3,336_3_2024-05-23,3,1,1,1,0,1
336,3,3,336_3_2024-05-23,4,1,1,1,0,1
336,3,3,336_3_2024-05-23,5,1,1,1,0,1
337,1,1,337_1_2024-07-24,1,1,1,0,0,0
337,1,1,337_1_2024-07-24,2,1,1,1,0,1
337,1,1,337_1_2024-07-24,3,1,1,0,0,0
337,1,1,337_1_2024-07-24,4,1,1,1,0,1
337,1,1,337_1_2024-07-24,5,1,1,0,0,0
337,2,2,337_2_2024-07-24,1,1,1,0,0,0
337,2,2,337_2_2024-07-24,2,1,1,0,0,0
337,2,2,337_2_2024-07-24,3,1,1,0,0,0
337,2,2,337_2_2024-07-24,4,1,1,0,0,0
337,2,2,337_2_2024-07-24,5,1,1,0,0,0
337,3,3,337_3_2024-07-24,1,1,1,1,0,1
337,3,3,337_3_2024-07-24,2,1,1,1,0,1
337,3,3,337_3_2024-07-24,3,1,1,0,0,0
337,3,3,337_3_2024-07-24,4,1,1,0,0,0
337,3,3,337_3_2024-07-24,5,1,1,0,1,-1
338,1,1,338_1_2024-07-15,1,1,1,0,0,0
338,1,1,338_1_2024-07-15,2,1,1,0,1,-1
338,1,1,338_1_2024-07-15,3,1,1,1,0,1
338,1,1,338_1_2024-07-15,4,1,1,1,0,1
338,1,1,338_1_2024-07-15,5,1,1,0,0,0
338,2,2,338_2_2024-07-15,1,1,1,0,0,0
338,2,2,338_2_2024-07-15,2,1,1,1,1,0
338,2,2,338_2_2024-07-15,3,1,1,1,0,1
338,2,2,338_2_2024-07-15,4,1,1,1,0,1
338,2,2,338_2_2024-07-15,5,1,1,1,0,1
338,3,3,338_3_2024-07-15,1,1,1,1,0,1
338,3,3,338_3_2024-07-15,2,1,1,1,0,1
338,3,3,338_3_2024-07-15,3,1,1,1,0,1
338,3,3,338_3_2024-07-15,4,1,1,1,1,0
338,3,3,338_3_2024-07-15,5,1,1,1,0,1
339,1,1,339_1_2024-07-22,1,1,1,1,0,1
339,1,1,339_1_2024-07-22,2,1,1,1,0,1
339,1,1,339_1_2024-07-22,3,1,1,1,0,1
339,1,1,339_1_2024-07-22,4,1,1,1,0,1
339,1,1,339_1_2024-07-22,5,1,1,1,0,1
339,2,2,339_2_2024-07-22,1,1,1,1,0,1
339,2,2,339_2_2024-07-22,2,1,1,1,0,1
339,2,2,339_2_2024-07-22,3,1,1,0,0,0
339,2,2,339_2_2024-07-22,4,1,1,1,0,1
339,2,2,339_2_2024-07-22,5,1,1,1,0,1
339,3,3,339_3_2024-07-22,1,1,1,1,0,1
339,3,3,339_3_2024-07-22,2,1,1,1,0,1
339,3,3,339_3_2024-07-22,3,1,1,1,0,1
339,3,3,339_3_2024-07-22,4,1,1,1,0,1
339,3,3,339_3_2024-07-22,5,1,1,0,0,0
340,1,1,340_1_2024-07-30,1,1,1,0,0,0
340,1,1,340_1_2024-07-30,2,1,1,1,0,1
340,1,1,340_1_2024-07-30,3,1,1,0,0,0
340,1,1,340_1_2024-07-30,4,1,1,0,1,-1
340,1,1,340_1_2024-07-30,5,1,1,0,0,0
340,2,2,340_2_2024-07-30,1,1,1,0,1,-1
340,2,2,340_2_2024-07-30,2,1,1,0,0,0
340,2,2,340_2_2024-07-30,3,1,1,0,0,0
340,2,2,340_2_2024-07-30,4,1,1,0,0,0
340,2,2,340_2_2024-07-30,5,1,1,0,1,-1
340,3,3,340_3_2024-07-30,1,1,1,0,0,0
340,3,3,340_3_2024-07-30,2,1,1,0,0,0
340,3,3,340_3_2024-07-30,3,1,1,0,1,-1
340,3,3,340_3_2024-07-30,4,1,1,1,0,1
340,3,3,340_3_2024-07-30,5,1,1,0,0,0
341,1,1,341_1_2024-08-12,1,1,1,1,1,0
341,1,1,341_1_2024-08-12,2,1,1,1,1,0
341,1,1,341_1_2024-08-12,3,1,1,0,0,0
341,1,1,341_1_2024-08-12,4,1,1,0,0,0
341,1,1,341_1_2024-08-12,5,1,1,0,0,0
341,2,2,341_2_2024-08-12,1,1,1,0,1,-1
341,2,2,341_2_2024-08-12,2,1,1,0,1,-1
341,2,2,341_2_2024-08-12,3,1,1,0,0,0
341,2,2,341_2_2024-08-12,4,1,1,0,0,0
341,2,2,341_2_2024-08-12,5,1,1,0,0,0
341,3,3,341_3_2024-08-12,1,1,1,0,0,0
341,3,3,341_3_2024-08-12,2,1,1,0,0,0
341,3,3,341_3_2024-08-12,3,1,1,0,1,-1
341,3,3,341_3_2024-08-12,4,1,1,0,0,0
341,3,3,341_3_2024-08-12,5,1,1,1,0,1
342,1,1,342_1_2024-08-19,1,1,1,0,1,-1
342,1,1,342_1_2024-08-19,2,1,1,1,0,1
342,1,1,342_1_2024-08-19,3,1,1,1,0,1
342,1,1,342_1_2024-08-19,4,1,1,1,0,1
342,1,1,342_1_2024-08-19,5,1,1,1,0,1
342,2,2,342_2_2024-08-19,1,1,1,1,0,1
342,2,2,342_2_2024-08-19,2,1,1,0,0,0
342,2,2,342_2_2024-08-19,3,1,1,0,0,0
342,2,2,342_2_2024-08-19,4,1,1,1,0,1
342,2,2,342_2_2024-08-19,5,1,1,0,0,0
342,3,3,342_3_2024-08-19,1,1,1,1,0,1
342,3,3,342_3_2024-08-19,2,1,1,0,0,0
342,3,3,342_3_2024-08-19,3,1,1,0,0,0
342,3,3,342_3_2024-08-19,4,1,1,0,0,0
342,3,3,342_3_2024-08-19,5,1,1,1,0,1
343,1,1,343_1_2024-08-29,1,1,1,0,0,0
343,1,1,343_1_2024-08-29,2,1,1,1,1,0
343,1,1,343_1_2024-08-29,3,1,1,1,0,1
343,1,1,343_1_2024-08-29,4,1,1,0,0,0
343,1,1,343_1_2024-08-29,5,1,1,0,0,0
343,2,2,343_2_2024-08-29,1,1,1,0,0,0
343,2,2,343_2_2024-08-29,2,1,1,0,0,0
343,2,2,343_2_2024-08-29,3,1,1,1,1,0
343,2,2,343_2_2024-08-29,4,1,1,0,0,0
343,2,2,343_2_2024-08-29,5,1,1,1,0,1
343,3,3,343_3_2024-08-29,1,1,1,1,0,1
343,3,3,343_3_2024-08-29,2,1,1,1,0,1
343,3,3,343_3_2024-08-29,3,1,1,0,0,0
343,3,3,343_3_2024-08-29,4,1,1,1,0,1
343,3,3,343_3_2024-08-29,5,1,1,0,0,0
346,1,1,346_1_2024-09-19,1,1,1,1,0,1
346,1,1,346_1_2024-09-19,2,1,1,1,0,1
346,1,1,346_1_2024-09-19,3,1,1,0,0,0
346,1,1,346_1_2024-09-19,4,1,1,1,0,1
346,1,1,346_1_2024-09-19,5,1,1,0,0,0
346,2,2,346_2_2024-09-19,1,1,1,0,0,0
346,2,2,346_2_2024-09-19,2,1,1,1,0,1
346,2,2,346_2_2024-09-19,3,1,1,1,0,1
346,2,2,346_2_2024-09-19,4,1,1,0,0,0
346,2,2,346_2_2024-09-19,5,1,1,0,0,0
346,3,3,346_3_2024-09-19,1,1,1,1,0,1
346,3,3,346_3_2024-09-19,2,1,1,1,0,1
346,3,3,346_3_2024-09-19,3,1,1,1,0,1
346,3,3,346_3_2024-09-19,4,1,1,1,0,1
346,3,3,346_3_2024-09-19,5,1,1,0,0,0
347,1,1,347_1_2024-09-23,1,1,1,1,0,1
347,1,1,347_1_2024-09-23,2,1,1,1,0,1
347,1,1,347_1_2024-09-23,3,1,1,1,0,1
347,1,1,347_1_2024-09-23,4,1,1,1,0,1
347,1,1,347_1_2024-09-23,5,1,1,0,0,0
347,2,2,347_2_2024-09-23,1,1,1,0,0,0
347,2,2,347_2_2024-09-23,2,1,1,0,0,0
347,2,2,347_2_2024-09-23,3,1,1,0,1,-1
347,2,2,347_2_2024-09-23,4,1,1,1,0,1
347,2,2,347_2_2024-09-23,5,1,1,0,0,0
347,3,3,347_3_2024-09-23,1,1,1,1,0,1
347,3,3,347_3_2024-09-23,2,1,1,0,0,0
347,3,3,347_3_2024-09-23,3,1,1,0,0,0
347,3,3,347_3_2024-09-23,4,1,1,0,0,0
347,3,3,347_3_2024-09-23,5,1,1,0,0,0
348,1,1,348_1_2024-10-01,1,1,1,0,0,0
348,1,1,348_1_2024-10-01,2,1,1,0,0,0
348,1,1,348_1_2024-10-01,3,1,1,0,0,0
348,1,1,348_1_2024-10-01,4,1,1,1,0,1
348,1,1,348_1_2024-10-01,5,1,1,1,0,1
348,2,2,348_2_2024-10-01,1,1,1,1,0,1
348,2,2,348_2_2024-10-01,2,1,1,1,0,1
348,2,2,348_2_2024-10-01,3,1,1,1,0,1
348,2,2,348_2_2024-10-01,4,1,1,1,0,1
348,2,2,348_2_2024-10-01,5,1,1,1,0,1
348,3,3,348_3_2024-10-01,1,1,1,1,0,1
348,3,3,348_3_2024-10-01,2,1,1,1,0,1
348,3,3,348_3_2024-10-01,3,1,1,1,0,1
348,3,3,348_3_2024-10-01,4,1,1,1,0,1
348,3,3,348_3_2024-10-01,5,1,1,1,0,1
349,1,1,349_1_2024-09-24,1,1,1,1,0,1
349,1,1,349_1_2024-09-24,2,1,1,1,0,1
349,1,1,349_1_2024-09-24,3,1,1,1,0,1
349,1,1,349_1_2024-09-24,4,1,1,0,0,0
349,1,1,349_1_2024-09-24,5,1,1,1,0,1
349,2,2,349_2_2024-09-24,1,1,1,1,0,1
349,2,2,349_2_2024-09-24,2,1,1,1,0,1
349,2,2,349_2_2024-09-24,3,1,1,1,0,1
349,2,2,349_2_2024-09-24,4,1,1,1,0,1
349,2,2,349_2_2024-09-24,5,1,1,1,0,1
349,3,3,349_3_2024-09-24,1,1,1,0,0,0
349,3,3,349_3_2024-09-24,2,1,1,1,0,1
349,3,3,349_3_2024-09-24,3,1,1,1,0,1
349,3,3,349_3_2024-09-24,4,1,1,1,0,1
349,3,3,349_3_2024-09-24,5,1,1,0,0,0
351,2,1,351_2_2024-09-26,1,1,1,1,0,1
351,2,1,351_2_2024-09-26,2,1,1,0,0,0
351,2,1,351_2_2024-09-26,3,1,1,1,0,1
351,2,1,351_2_2024-09-26,4,1,1,1,0,1
351,2,1,351_2_2024-09-26,5,1,1,0,1,-1
351,3,2,351_3_2024-09-26,1,1,1,1,0,1
351,3,2,351_3_2024-09-26,2,1,1,1,0,1
351,3,2,351_3_2024-09-26,3,1,1,1,0,1
351,3,2,351_3_2024-09-26,4,1,1,1,0,1
351,3,2,351_3_2024-09-26,5,1,1,1,0,1
351,4,3,351_4_2024-09-26,1,1,1,1,0,1
351,4,3,351_4_2024-09-26,2,1,1,0,0,0
351,4,3,351_4_2024-09-26,3,1,1,1,0,1
351,4,3,351_4_2024-09-26,4,1,1,1,0,1
351,4,3,351_4_2024-09-26,5,1,1,1,0,1
352,1,1,352_1_2024-11-21,1,1,1,1,0,1
352,1,1,352_1_2024-11-21,2,1,1,1,0,1
352,1,1,352_1_2024-11-21,3,1,1,0,0,0
352,1,1,352_1_2024-11-21,4,1,1,1,0,1
352,1,1,352_1_2024-11-21,5,1,1,1,0,1
352,2,2,352_2_2024-11-21,1,1,1,1,0,1
352,2,2,352_2_2024-11-21,2,1,1,1,0,1
352,2,2,352_2_2024-11-21,3,1,1,1,0,1
352,2,2,352_2_2024-11-21,4,1,1,1,0,1
352,2,2,352_2_2024-11-21,5,1,1,1,0,1
352,3,3,352_3_2024-11-21,1,1,1,1,0,1
352,3,3,352_3_2024-11-21,2,1,1,1,0,1
352,3,3,352_3_2024-11-21,3,1,1,1,0,1
352,3,3,352_3_2024-11-21,4,1,1,0,0,0
352,3,3,352_3_2024-11-21,5,1,1,1,0,1
353,2,1,353_2_2024-10-21,1,1,1,1,0,1
353,2,1,353_2_2024-10-21,2,1,1,0,0,0
353,2,1,353_2_2024-10-21,3,1,1,0,0,0
353,2,1,353_2_2024-10-21,4,1,1,1,0,1
353,2,1,353_2_2024-10-21,5,1,1,1,0,1
353,3,2,353_3_2024-10-21,1,1,1,0,0,0
353,3,2,353_3_2024-10-21,2,1,1,0,0,0
353,3,2,353_3_2024-10-21,3,1,1,0,0,0
353,3,2,353_3_2024-10-21,4,1,1,1,0,1
353,3,2,353_3_2024-10-21,5,1,1,1,0,1
353,4,3,353_4_2024-10-21,1,1,1,0,0,0
353,4,3,353_4_2024-10-21,2,1,1,1,1,0
353,4,3,353_4_2024-10-21,3,1,1,0,0,0
353,4,3,353_4_2024-10-21,4,1,1,0,0,0
353,4,3,353_4_2024-10-21,5,1,1,0,0,0
354,1,1,354_1_2024-10-29,1,1,1,0,0,0
354,1,1,354_1_2024-10-29,2,1,1,1,0,1
354,1,1,354_1_2024-10-29,3,1,1,1,0,1
354,1,1,354_1_2024-10-29,4,1,1,1,0,1
354,1,1,354_1_2024-10-29,5,1,1,1,0,1
354,2,2,354_2_2024-10-29,1,1,1,1,0,1
354,2,2,354_2_2024-10-29,2,1,1,0,0,0
354,2,2,354_2_2024-10-29,3,1,1,1,1,0
354,2,2,354_2_2024-10-29,4,1,1,1,1,0
354,2,2,354_2_2024-10-29,5,1,1,1,0,1
354,3,3,354_3_2024-10-29,1,1,1,1,0,1
354,3,3,354_3_2024-10-29,2,1,1,1,0,1
354,3,3,354_3_2024-10-29,3,1,1,1,0,1
354,3,3,354_3_2024-10-29,4,1,1,1,0,1
354,3,3,354_3_2024-10-29,5,1,1,1,0,1
355,1,1,355_1_2024-11-07,1,1,1,0,1,-1
355,1,1,355_1_2024-11-07,2,1,1,1,0,1
355,1,1,355_1_2024-11-07,3,1,1,0,0,0
355,1,1,355_1_2024-11-07,4,1,1,0,0,0
355,1,1,355_1_2024-11-07,5,1,1,0,0,0
355,2,2,355_2_2024-11-07,1,1,1,1,1,0
355,2,2,355_2_2024-11-07,2,1,1,1,0,1
355,2,2,355_2_2024-11-07,3,1,1,1,0,1
355,2,2,355_2_2024-11-07,4,1,1,1,0,1
355,2,2,355_2_2024-11-07,5,1,1,1,0,1
355,3,3,355_3_2024-11-07,1,1,1,1,0,1
355,3,3,355_3_2024-11-07,2,1,1,1,0,1
355,3,3,355_3_2024-11-07,3,1,1,1,0,1
355,3,3,355_3_2024-11-07,4,1,1,1,0,1
355,3,3,355_3_2024-11-07,5,1,1,0,0,0
356,1,1,356_1_2024-11-26,1,1,1,1,0,1
356,1,1,356_1_2024-11-26,2,1,1,0,0,0
356,1,1,356_1_2024-11-26,3,1,1,1,1,0
356,1,1,356_1_2024-11-26,4,1,1,1,0,1
356,1,1,356_1_2024-11-26,5,1,1,1,0,1
356,2,2,356_2_2024-11-26,1,1,1,1,0,1
356,2,2,356_2_2024-11-26,2,1,1,1,0,1
356,2,2,356_2_2024-11-26,3,1,1,1,0,1
356,2,2,356_2_2024-11-26,4,1,1,1,0,1
356,2,2,356_2_2024-11-26,5,1,1,1,0,1
356,3,3,356_3_2024-11-26,1,1,1,1,1,0
356,3,3,356_3_2024-11-26,2,1,1,1,0,1
356,3,3,356_3_2024-11-26,3,1,1,1,0,1
356,3,3,356_3_2024-11-26,4,1,1,1,0,1
356,3,3,356_3_2024-11-26,5,1,1,1,0,1
357,1,1,357_1_2024-12-04,1,1,1,1,0,1
357,1,1,357_1_2024-12-04,2,1,1,0,0,0
357,1,1,357_1_2024-12-04,3,1,1,1,0,1
357,1,1,357_1_2024-12-04,4,1,1,0,1,-1
357,1,1,357_1_2024-12-04,5,1,1,1,0,1
357,2,2,357_2_2024-12-04,1,1,1,1,0,1
357,2,2,357_2_2024-12-04,2,1,1,1,0,1
357,2,2,357_2_2024-12-04,3,1,1,1,0,1
357,2,2,357_2_2024-12-04,4,1,1,1,0,1
357,2,2,357_2_2024-12-04,5,1,1,1,0,1
357,3,3,357_3_2024-12-04,1,1,1,0,0,0
357,3,3,357_3_2024-12-04,2,1,1,1,1,0
357,3,3,357_3_2024-12-04,3,1,1,1,0,1
357,3,3,357_3_2024-12-04,4,1,1,1,0,1
357,3,3,357_3_2024-12-04,5,1,1,1,0,1
358,1,1,358_1_2024-12-09,1,1,1,1,0,1
358,1,1,358_1_2024-12-09,2,1,1,1,0,1
358,1,1,358_1_2024-12-09,3,1,1,0,0,0
358,1,1,358_1_2024-12-09,4,1,1,1,0,1
358,1,1,358_1_2024-12-09,5,1,1,1,0,1
358,2,2,358_2_2024-12-09,1,1,1,1,0,1
358,2,2,358_2_2024-12-09,2,1,1,0,0,0
358,2,2,358_2_2024-12-09,3,1,1,1,0,1
358,2,2,358_2_2024-12-09,4,1,1,1,0,1
358,2,2,358_2_2024-12-09,5,1,1,0,0,0
358,3,3,358_3_2024-12-09,1,1,1,1,0,1
358,3,3,358_3_2024-12-09,2,1,1,0,1,-1
358,3,3,358_3_2024-12-09,3,1,1,1,0,1
358,3,3,358_3_2024-12-09,4,1,1,1,0,1
358,3,3,358_3_2024-12-09,5,1,1,1,0,1
359,1,1,359_1_2024-12-12,1,1,1,1,0,1
359,1,1,359_1_2024-12-12,2,1,1,1,0,1
359,1,1,359_1_2024-12-12,3,1,1,1,0,1
359,1,1,359_1_2024-12-12,4,1,1,0,0,0
359,1,1,359_1_2024-12-12,5,1,1,1,0,1
359,2,2,359_2_2024-12-12,1,1,1,0,0,0
359,2,2,359_2_2024-12-12,2,1,1,1,0,1
359,2,2,359_2_2024-12-12,3,1,1,1,0,1
359,2,2,359_2_2024-12-12,4,1,1,0,0,0
359,2,2,359_2_2024-12-12,5,1,1,0,0,0
359,3,3,359_3_2024-12-12,1,1,1,0,0,0
359,3,3,359_3_2024-12-12,2,1,1,1,0,1
359,3,3,359_3_2024-12-12,3,1,1,0,0,0
359,3,3,359_3_2024-12-12,4,1,1,0,0,0
359,3,3,359_3_2024-12-12,5,1,1,1,0,1
360,1,1,360_1_2025-01-15,1,1,1,0,1,-1
360,1,1,360_1_2025-01-15,2,1,1,0,0,0
360,1,1,360_1_2025-01-15,3,1,1,1,1,0
360,1,1,360_1_2025-01-15,4,1,1,1,0,1
360,1,1,360_1_2025-01-15,5,1,1,1,0,1
360,2,2,360_2_2025-01-15,1,1,1,1,1,0
360,2,2,360_2_2025-01-15,2,1,1,0,0,0
360,2,2,360_2_2025-01-15,3,1,1,1,1,0
360,2,2,360_2_2025-01-15,4,1,1,1,0,1
360,2,2,360_2_2025-01-15,5,1,1,0,0,0
360,3,3,360_3_2025-01-15,1,1,1,0,0,0
360,3,3,360_3_2025-01-15,2,1,1,1,1,0
360,3,3,360_3_2025-01-15,3,1,1,1,0,1
360,3,3,360_3_2025-01-15,4,1,1,1,0,1
360,3,3,360_3_2025-01-15,5,1,1,1,0,1
361,1,1,361_1_2025-01-31,1,1,1,1,0,1
361,1,1,361_1_2025-01-31,2,1,1,0,0,0
361,1,1,361_1_2025-01-31,3,1,1,0,1,-1
361,1,1,361_1_2025-01-31,4,1,1,1,0,1
361,1,1,361_1_2025-01-31,5,1,1,0,0,0
361,2,2,361_2_2025-01-31,1,1,1,1,0,1
361,2,2,361_2_2025-01-31,2,1,1,0,0,0
361,2,2,361_2_2025-01-31,3,1,1,0,0,0
361,2,2,361_2_2025-01-31,4,1,1,0,0,0
361,2,2,361_2_2025-01-31,5,1,1,0,0,0
361,3,3,361_3_2025-01-31,1,1,1,0,0,0
361,3,3,361_3_2025-01-31,2,1,1,0,0,0
361,3,3,361_3_2025-01-31,3,1,1,1,0,1
361,3,3,361_3_2025-01-31,4,1,1,1,0,1
361,3,3,361_3_2025-01-31,5,1,1,1,0,1
362,1,1,362_1_2025-01-16,1,1,1,1,0,1
362,1,1,362_1_2025-01-16,2,1,1,1,0,1
362,1,1,362_1_2025-01-16,3,1,1,1,0,1
362,1,1,362_1_2025-01-16,4,1,1,1,0,1
362,1,1,362_1_2025-01-16,5,1,1,1,1,0
362,2,2,362_2_2025-01-16,1,1,1,1,0,1
362,2,2,362_2_2025-01-16,2,1,1,1,0,1
362,2,2,362_2_2025-01-16,3,1,1,1,0,1
362,2,2,362_2_2025-01-16,4,1,1,1,0,1
362,2,2,362_2_2025-01-16,5,1,1,1,0,1
362,3,3,362_3_2025-01-16,1,1,1,1,0,1
362,3,3,362_3_2025-01-16,2,1,1,1,0,1
362,3,3,362_3_2025-01-16,3,1,1,1,0,1
362,3,3,362_3_2025-01-16,4,1,1,1,0,1
362,3,3,362_3_2025-01-16,5,1,1,1,0,1
