id,session,session_seq,visit_id,trial,trial_type,button_pressed,HIT,MISS,FA,CR,correct,response_time
305,1,1,305_1_2023-08-02,1,0,0,0,0,0,1,1,2616
305,1,1,305_1_2023-08-02,2,1,0,0,1,0,0,0,1615
305,1,1,305_1_2023-08-02,3,0,0,0,0,0,1,1,3130
305,1,1,305_1_2023-08-02,4,1,0,0,1,0,0,0,2784
305,1,1,305_1_2023-08-02,5,1,0,0,1,0,0,0,2383
305,1,1,305_1_2023-08-02,6,1,1,1,0,0,0,1,2806
305,1,1,305_1_2023-08-02,7,1,1,1,0,0,0,1,1534
305,1,1,305_1_2023-08-02,8,0,0,0,0,0,1,1,1633
305,1,1,305_1_2023-08-02,9,0,0,0,0,0,1,1,1950
305,1,1,305_1_2023-08-02,10,0,0,0,0,0,1,1,3167
305,2,2,305_2_2023-08-02,1,1,1,1,0,0,0,1,1957
305,2,2,305_2_2023-08-02,2,0,0,0,0,0,1,1,2351
305,2,2,305_2_2023-08-02,3,0,0,0,0,0,1,1,1920
305,2,2,305_2_2023-08-02,4,1,1,1,0,0,0,1,1517
305,2,2,305_2_2023-08-02,5,0,0,0,0,0,1,1,2003
305,2,2,305_2_2023-08-02,6,1,0,0,1,0,0,0,3287
305,2,2,305_2_2023-08-02,7,1,0,0,1,0,0,0,2318
305,2,2,305_2_2023-08-02,8,0,0,0,0,0,1,1,1402
305,2,2,305_2_2023-08-02,9,0,0,0,0,0,1,1,1583
305,2,2,305_2_2023-08-02,10,1,1,1,0,0,0,1,1919
305,3,3,305_3_2023-08-02,1,0,0,0,0,0,1,1,1853
305,3,3,305_3_2023-08-02,2,1,0,0,1,0,0,0,2623
305,3,3,305_3_2023-08-02,3,1,1,1,0,0,0,1,2334
305,3,3,305_3_2023-08-02,4,1,0,0,1,0,0,0,1937
305,3,3,305_3_2023-08-02,5,1,0,0,1,0,0,0,1770
305,3,3,305_3_2023-08-02,6,0,0,0,0,0,1,1,1453
305,3,3,305_3_2023-08-02,7,0,0,0,0,0,1,1,2000
305,3,3,305_3_2023-08-02,8,0,0,0,0,0,1,1,2370
305,3,3,305_3_2023-08-02,9,0,0,0,0,0,1,1,3650
305,3,3,305_3_2023-08-02,10,1,1,1,0,0,0,1,1218
306,1,1,306_1_2023-08-08,1,0,0,0,0,0,1,1,2849
306,1,1,306_1_2023-08-08,2,1,0,0,1,0,0,0,2096
306,1,1,306_1_2023-08-08,3,1,0,0,1,0,0,0,2776
306,1,1,306_1_2023-08-08,4,1,1,1,0,0,0,1,1852
306,1,1,306_1_2023-08-08,5,1,0,0,1,0,0,0,1886
306,1,1,306_1_2023-08-08,6,1,0,0,1,0,0,0,1484
306,1,1,306_1_2023-08-08,7,0,0,0,0,0,1,1,1629
306,1,1,306_1_2023-08-08,8,0,0,0,0,0,1,1,2251
306,1,1,306_1_2023-08-08,9,0,0,0,0,0,1,1,1534
306,1,1,306_1_2023-08-08,10,0,0,0,0,0,1,1,1319
306,2,2,306_2_2023-08-08,1,0,0,0,0,0,1,1,1954
306,2,2,306_2_2023-08-08,2,0,0,0,0,0,1,1,1817
306,2,2,306_2_2023-08-08,3,1,1,1,0,0,0,1,1820
306,2,2,306_2_2023-08-08,4,1,0,0,1,0,0,0,2119
306,2,2,306_2_2023-08-08,5,0,0,0,0,0,1,1,1468
306,2,2,306_2_2023-08-08,6,0,0,0,0,0,1,1,1621
306,2,2,306_2_2023-08-08,7,0,0,0,0,0,1,1,1651
306,2,2,306_2_2023-08-08,8,1,0,0,1,0,0,0,1570
306,2,2,306_2_2023-08-08,9,1,0,0,1,0,0,0,1398
306,2,2,306_2_2023-08-08,10,1,0,0,1,0,0,0,1268
306,3,3,306_3_2023-08-08,1,0,0,0,0,0,1,1,4588
306,3,3,306_3_2023-08-08,2,1,1,1,0,0,0,1,2164
306,3,3,306_3_2023-08-08,3,0,0,0,0,0,1,1,1782
306,3,3,306_3_2023-08-08,4,1,1,1,0,0,0,1,2068
306,3,3,306_3_2023-08-08,5,0,0,0,0,0,1,1,1800
306,3,3,306_3_2023-08-08,6,1,1,1,0,0,0,1,1770
306,3,3,306_3_2023-08-08,7,1,1,1,0,0,0,1,1920
306,3,3,306_3_2023-08-08,8,0,0,0,0,0,1,1,1770
306,3,3,306_3_2023-08-08,9,1,1,1,0,0,0,1,1317
306,3,3,306_3_2023-08-08,10,0,0,0,0,0,1,1,2470
308,1,1,308_1_2023-08-18,1,0,0,0,0,0,1,1,2272
308,1,1,308_1_2023-08-18,2,0,0,0,0,0,1,1,2005
308,1,1,308_1_2023-08-18,3,1,0,0,1,0,0,0,1984
308,1,1,308_1_2023-08-18,4,0,0,0,0,0,1,1,2091
308,1,1,308_1_2023-08-18,5,1,1,1,0,0,0,1,4335
308,1,1,308_1_2023-08-18,6,0,0,0,0,0,1,1,1843
308,1,1,308_1_2023-08-18,7,0,0,0,0,0,1,1,1526
308,1,1,308_1_2023-08-18,8,1,1,1,0,0,0,1,2127
308,1,1,308_1_2023-08-18,9,1,1,1,0,0,0,1,2676
308,1,1,308_1_2023-08-18,10,1,1,1,0,0,0,1,2011
308,2,2,308_2_2023-08-18,1,1,1,1,0,0,0,1,2450
308,2,2,308_2_2023-08-18,2,1,1,1,0,0,0,1,2008
308,2,2,308_2_2023-08-18,3,0,0,0,0,0,1,1,2177
308,2,2,308_2_2023-08-18,4,0,0,0,0,0,1,1,1822
308,2,2,308_2_2023-08-18,5,1,1,1,0,0,0,1,2951
308,2,2,308_2_2023-08-18,6,1,0,0,1,0,0,0,1789
308,2,2,308_2_2023-08-18,7,0,0,0,0,0,1,1,1676
308,2,2,308_2_2023-08-18,8,0,0,0,0,0,1,1,2056
308,2,2,308_2_2023-08-18,9,1,1,1,0,0,0,1,2076
308,2,2,308_2_2023-08-18,10,0,1,0,0,1,0,0,4636
308,3,3,308_3_2023-08-18,1,0,0,0,0,0,1,1,2072
308,3,3,308_3_2023-08-18,2,1,1,1,0,0,0,1,1823
308,3,3,308_3_2023-08-18,3,0,1,0,0,1,0,0,3338
308,3,3,308_3_2023-08-18,4,1,1,1,0,0,0,1,2204
308,3,3,308_3_2023-08-18,5,0,0,0,0,0,1,1,1598
308,3,3,308_3_2023-08-18,6,1,1,1,0,0,0,1,2393
308,3,3,308_3_2023-08-18,7,1,1,1,0,0,0,1,1591
308,3,3,308_3_2023-08-18,8,0,0,0,0,0,1,1,2610
308,3,3,308_3_2023-08-18,9,1,1,1,0,0,0,1,3315
308,3,3,308_3_2023-08-18,10,0,0,0,0,0,1,1,2411
309,1,1,309_1_2023-09-12,1,0,0,0,0,0,1,1,4239
309,1,1,309_1_2023-09-12,2,0,0,0,0,0,1,1,2747
309,1,1,309_1_2023-09-12,3,1,1,1,0,0,0,1,1328
309,1,1,309_1_2023-09-12,4,1,1,1,0,0,0,1,1462
309,1,1,309_1_2023-09-12,5,1,1,1,0,0,0,1,1451
309,1,1,309_1_2023-09-12,6,0,0,0,0,0,1,1,2458
309,1,1,309_1_2023-09-12,7,1,1,1,0,0,0,1,1898
309,1,1,309_1_2023-09-12,8,1,1,1,0,0,0,1,1823
309,1,1,309_1_2023-09-12,9,0,0,0,0,0,1,1,1784
309,1,1,309_1_2023-09-12,10,0,0,0,0,0,1,1,2028
309,2,2,309_2_2023-09-12,1,0,0,0,0,0,1,1,2865
309,2,2,309_2_2023-09-12,2,0,0,0,0,0,1,1,2217
309,2,2,309_2_2023-09-12,3,1,0,0,1,0,0,0,1828
309,2,2,309_2_2023-09-12,4,0,0,0,0,0,1,1,2015
309,2,2,309_2_2023-09-12,5,0,0,0,0,0,1,1,2082
309,2,2,309_2_2023-09-12,6,0,0,0,0,0,1,1,2045
309,2,2,309_2_2023-09-12,7,1,1,1,0,0,0,1,1797
309,2,2,309_2_2023-09-12,8,1,0,0,1,0,0,0,1834
309,2,2,309_2_2023-09-12,9,1,0,0,1,0,0,0,2299
309,2,2,309_2_2023-09-12,10,1,0,0,1,0,0,0,2199
312,1,1,312_1_2023-09-12,1,1,0,0,1,0,0,0,2886
312,1,1,312_1_2023-09-12,2,0,0,0,0,0,1,1,2569
312,1,1,312_1_2023-09-12,3,0,0,0,0,0,1,1,2332
312,1,1,312_1_2023-09-12,4,1,1,1,0,0,0,1,1780
312,1,1,312_1_2023-09-12,5,0,0,0,0,0,1,1,2051
312,1,1,312_1_2023-09-12,6,1,0,0,1,0,0,0,2629
312,1,1,312_1_2023-09-12,7,0,0,0,0,0,1,1,1646
312,1,1,312_1_2023-09-12,8,1,0,0,1,0,0,0,1495
312,1,1,312_1_2023-09-12,9,0,1,0,0,1,0,0,3709
312,1,1,312_1_2023-09-12,10,1,0,0,1,0,0,0,1643
312,2,2,312_2_2023-09-12,1,0,0,0,0,0,1,1,1562
312,2,2,312_2_2023-09-12,2,1,1,1,0,0,0,1,1692
312,2,2,312_2_2023-09-12,3,1,0,0,1,0,0,0,1801
312,2,2,312_2_2023-09-12,4,1,1,1,0,0,0,1,1531
312,2,2,312_2_2023-09-12,5,1,1,1,0,0,0,1,3861
312,2,2,312_2_2023-09-12,6,0,0,0,0,0,1,1,1933
312,2,2,312_2_2023-09-12,7,0,0,0,0,0,1,1,1518
312,2,2,312_2_2023-09-12,8,0,0,0,0,0,1,1,2334
312,2,2,312_2_2023-09-12,9,1,0,0,1,0,0,0,2460
312,2,2,312_2_2023-09-12,10,0,0,0,0,0,1,1,1883
312,3,3,312_3_2023-09-12,1,0,0,0,0,0,1,1,2434
312,3,3,312_3_2023-09-12,2,0,0,0,0,0,1,1,2358
312,3,3,312_3_2023-09-12,3,0,0,0,0,0,1,1,2455
312,3,3,312_3_2023-09-12,4,1,0,0,1,0,0,0,3349
312,3,3,312_3_2023-09-12,5,0,0,0,0,0,1,1,2451
312,3,3,312_3_2023-09-12,6,1,1,1,0,0,0,1,1610
312,3,3,312_3_2023-09-12,7,1,1,1,0,0,0,1,1401
312,3,3,312_3_2023-09-12,8,0,0,0,0,0,1,1,2253
312,3,3,312_3_2023-09-12,9,1,1,1,0,0,0,1,1866
312,3,3,312_3_2023-09-12,10,1,1,1,0,0,0,1,2142
313,1,1,313_1_2023-11-14,1,1,0,0,1,0,0,0,1949
313,1,1,313_1_2023-11-14,2,0,0,0,0,0,1,1,1734
313,1,1,313_1_2023-11-14,3,1,1,1,0,0,0,1,1765
313,1,1,313_1_2023-11-14,4,0,0,0,0,0,1,1,2183
313,1,1,313_1_2023-11-14,5,0,0,0,0,0,1,1,2385
313,1,1,313_1_2023-11-14,6,1,0,0,1,0,0,0,1717
313,1,1,313_1_2023-11-14,7,0,0,0,0,0,1,1,1585
313,1,1,313_1_2023-11-14,8,1,1,1,0,0,0,1,1950
313,1,1,313_1_2023-11-14,9,0,0,0,0,0,1,1,1468
313,1,1,313_1_2023-11-14,10,1,1,1,0,0,0,1,1842
313,2,2,313_2_2023-11-14,1,0,1,0,0,1,0,0,1784
313,2,2,313_2_2023-11-14,2,0,1,0,0,1,0,0,1935
313,2,2,313_2_2023-11-14,3,0,0,0,0,0,1,1,1071
313,2,2,313_2_2023-11-14,4,0,0,0,0,0,1,1,1301
313,2,2,313_2_2023-11-14,5,1,0,0,1,0,0,0,1801
313,2,2,313_2_2023-11-14,6,1,1,1,0,0,0,1,1367
313,2,2,313_2_2023-11-14,7,1,0,0,1,0,0,0,2569
313,2,2,313_2_2023-11-14,8,0,0,0,0,0,1,1,1551
313,2,2,313_2_2023-11-14,9,1,1,1,0,0,0,1,1667
313,2,2,313_2_2023-11-14,10,1,0,0,1,0,0,0,1301
313,3,3,313_3_2023-11-14,1,0,0,0,0,0,1,1,1850
313,3,3,313_3_2023-11-14,2,0,1,0,0,1,0,0,1885
313,3,3,313_3_2023-11-14,3,1,0,0,1,0,0,0,1685
313,3,3,313_3_2023-11-14,4,1,1,1,0,0,0,1,1566
313,3,3,313_3_2023-11-14,5,0,0,0,0,0,1,1,1859
313,3,3,313_3_2023-11-14,6,1,0,0,1,0,0,0,851
313,3,3,313_3_2023-11-14,7,0,1,0,0,1,0,0,3101
313,3,3,313_3_2023-11-14,8,0,0,0,0,0,1,1,1736
313,3,3,313_3_2023-11-14,9,1,1,1,0,0,0,1,2317
313,3,3,313_3_2023-11-14,10,1,0,0,1,0,0,0,2267
314,1,1,314_1_2023-09-14,1,0,1,0,0,1,0,0,5189
314,1,1,314_1_2023-09-14,2,1,1,1,0,0,0,1,3212
314,1,1,314_1_2023-09-14,3,1,0,0,1,0,0,0,1745
314,1,1,314_1_2023-09-14,4,0,0,0,0,0,1,1,1661
314,1,1,314_1_2023-09-14,5,1,0,0,1,0,0,0,1479
314,1,1,314_1_2023-09-14,6,0,0,0,0,0,1,1,1765
314,1,1,314_1_2023-09-14,7,0,1,0,0,1,0,0,1650
314,1,1,314_1_2023-09-14,8,1,1,1,0,0,0,1,5534
314,1,1,314_1_2023-09-14,9,0,0,0,0,0,1,1,1634
314,1,1,314_1_2023-09-14,10,1,0,0,1,0,0,0,2216
314,2,2,314_2_2023-09-14,1,0,0,0,0,0,1,1,1698
314,2,2,314_2_2023-09-14,2,0,0,0,0,0,1,1,1662
314,2,2,314_2_2023-09-14,3,1,1,1,0,0,0,1,1170
314,2,2,314_2_2023-09-14,4,1,1,1,0,0,0,1,2981
314,2,2,314_2_2023-09-14,5,1,1,1,0,0,0,1,1401
314,2,2,314_2_2023-09-14,6,0,0,0,0,0,1,1,2350
314,2,2,314_2_2023-09-14,7,1,0,0,1,0,0,0,3984
314,2,2,314_2_2023-09-14,8,0,0,0,0,0,1,1,1819
314,2,2,314_2_2023-09-14,9,1,0,0,1,0,0,0,1664
314,2,2,314_2_2023-09-14,10,0,0,0,0,0,1,1,3160
314,3,3,314_3_2023-09-14,1,1,1,1,0,0,0,1,4445
314,3,3,314_3_2023-09-14,2,1,0,0,1,0,0,0,2526
314,3,3,314_3_2023-09-14,3,0,0,0,0,0,1,1,4459
314,3,3,314_3_2023-09-14,4,0,0,0,0,0,1,1,1566
314,3,3,314_3_2023-09-14,5,0,1,0,0,1,0,0,4075
314,3,3,314_3_2023-09-14,6,1,1,1,0,0,0,1,1829
314,3,3,314_3_2023-09-14,7,1,0,0,1,0,0,0,1629
314,3,3,314_3_2023-09-14,8,1,0,0,1,0,0,0,2544
314,3,3,314_3_2023-09-14,9,0,0,0,0,0,1,1,1227
314,3,3,314_3_2023-09-14,10,0,0,0,0,0,1,1,1717
315,1,1,315_1_2023-10-11,1,1,1,1,0,0,0,1,2084
315,1,1,315_1_2023-10-11,2,0,1,0,0,1,0,0,1251
315,1,1,315_1_2023-10-11,3,0,0,0,0,0,1,1,1531
315,1,1,315_1_2023-10-11,4,1,0,0,1,0,0,0,1400
315,1,1,315_1_2023-10-11,5,1,1,1,0,0,0,1,1584
315,1,1,315_1_2023-10-11,6,1,1,1,0,0,0,1,1166
315,1,1,315_1_2023-10-11,7,1,1,1,0,0,0,1,1234
315,1,1,315_1_2023-10-11,8,0,0,0,0,0,1,1,1785
315,1,1,315_1_2023-10-11,9,0,0,0,0,0,1,1,2306
315,1,1,315_1_2023-10-11,10,0,0,0,0,0,1,1,1567
315,2,2,315_2_2023-10-11,1,0,0,0,0,0,1,1,1799
315,2,2,315_2_2023-10-11,2,0,0,0,0,0,1,1,1386
315,2,2,315_2_2023-10-11,3,1,0,0,1,0,0,0,1868
315,2,2,315_2_2023-10-11,4,0,0,0,0,0,1,1,2567
315,2,2,315_2_2023-10-11,5,1,0,0,1,0,0,0,1635
315,2,2,315_2_2023-10-11,6,1,1,1,0,0,0,1,1454
315,2,2,315_2_2023-10-11,7,1,0,0,1,0,0,0,1635
315,2,2,315_2_2023-10-11,8,1,1,1,0,0,0,1,3233
315,2,2,315_2_2023-10-11,9,0,0,0,0,0,1,1,1852
315,2,2,315_2_2023-10-11,10,0,1,0,0,1,0,0,1633
315,3,3,315_3_2023-10-11,1,0,0,0,0,0,1,1,1833
315,3,3,315_3_2023-10-11,2,1,0,0,1,0,0,0,1567
315,3,3,315_3_2023-10-11,3,1,1,1,0,0,0,1,1468
315,3,3,315_3_2023-10-11,4,1,1,1,0,0,0,1,1201
315,3,3,315_3_2023-10-11,5,0,1,0,0,1,0,0,1505
315,3,3,315_3_2023-10-11,6,0,0,0,0,0,1,1,1635
315,3,3,315_3_2023-10-11,7,1,1,1,0,0,0,1,1384
315,3,3,315_3_2023-10-11,8,0,0,0,0,0,1,1,1716
315,3,3,315_3_2023-10-11,9,1,0,0,1,0,0,0,3385
315,3,3,315_3_2023-10-11,10,0,0,0,0,0,1,1,2468
316,1,1,316_1_2023-10-06,1,1,0,0,1,0,0,0,4234
316,1,1,316_1_2023-10-06,2,0,0,0,0,0,1,1,1831
316,1,1,316_1_2023-10-06,3,1,1,1,0,0,0,1,2999
316,1,1,316_1_2023-10-06,4,1,1,1,0,0,0,1,2449
316,1,1,316_1_2023-10-06,5,1,1,1,0,0,0,1,1969
316,1,1,316_1_2023-10-06,6,0,0,0,0,0,1,1,1967
316,1,1,316_1_2023-10-06,7,0,1,0,0,1,0,0,3001
316,1,1,316_1_2023-10-06,8,0,0,0,0,0,1,1,2033
316,1,1,316_1_2023-10-06,9,1,1,1,0,0,0,1,1801
316,1,1,316_1_2023-10-06,10,0,0,0,0,0,1,1,2346
316,2,2,316_2_2023-10-06,1,1,1,1,0,0,0,1,1784
316,2,2,316_2_2023-10-06,2,1,1,1,0,0,0,1,1684
316,2,2,316_2_2023-10-06,3,1,1,1,0,0,0,1,1500
316,2,2,316_2_2023-10-06,4,0,0,0,0,0,1,1,1884
316,2,2,316_2_2023-10-06,5,0,0,0,0,0,1,1,1831
316,2,2,316_2_2023-10-06,6,1,0,0,1,0,0,0,2700
316,2,2,316_2_2023-10-06,7,0,0,0,0,0,1,1,1484
316,2,2,316_2_2023-10-06,8,1,1,1,0,0,0,1,1835
316,2,2,316_2_2023-10-06,9,0,0,0,0,0,1,1,1920
316,2,2,316_2_2023-10-06,10,0,0,0,0,0,1,1,1449
316,3,3,316_3_2023-10-06,1,0,0,0,0,0,1,1,2652
316,3,3,316_3_2023-10-06,2,1,1,1,0,0,0,1,2051
316,3,3,316_3_2023-10-06,3,0,0,0,0,0,1,1,1917
316,3,3,316_3_2023-10-06,4,1,1,1,0,0,0,1,2417
316,3,3,316_3_2023-10-06,5,0,0,0,0,0,1,1,1836
316,3,3,316_3_2023-10-06,6,0,0,0,0,0,1,1,3518
316,3,3,316_3_2023-10-06,7,1,1,1,0,0,0,1,1401
316,3,3,316_3_2023-10-06,8,1,0,0,1,0,0,0,3684
316,3,3,316_3_2023-10-06,9,1,1,1,0,0,0,1,2035
316,3,3,316_3_2023-10-06,10,0,0,0,0,0,1,1,1967
317,1,1,317_1_2023-10-13,1,1,1,1,0,0,0,1,4703
317,1,1,317_1_2023-10-13,2,0,0,0,0,0,1,1,2751
317,1,1,317_1_2023-10-13,3,1,0,0,1,0,0,0,7974
317,1,1,317_1_2023-10-13,4,1,0,0,1,0,0,0,3082
317,1,1,317_1_2023-10-13,5,1,1,1,0,0,0,1,7133
317,1,1,317_1_2023-10-13,6,0,0,0,0,0,1,1,3794
317,1,1,317_1_2023-10-13,7,0,0,0,0,0,1,1,3501
317,1,1,317_1_2023-10-13,8,0,1,0,0,1,0,0,4235
317,1,1,317_1_2023-10-13,9,1,0,0,1,0,0,0,3700
317,1,1,317_1_2023-10-13,10,0,0,0,0,0,1,1,3717
317,2,2,317_2_2023-10-13,1,1,0,0,1,0,0,0,3886
317,2,2,317_2_2023-10-13,2,1,0,0,1,0,0,0,3234
317,2,2,317_2_2023-10-13,3,0,0,0,0,0,1,1,2668
317,2,2,317_2_2023-10-13,4,0,0,0,0,0,1,1,8352
317,2,2,317_2_2023-10-13,5,1,1,1,0,0,0,1,3536
317,2,2,317_2_2023-10-13,6,0,0,0,0,0,1,1,2934
317,2,2,317_2_2023-10-13,7,1,0,0,1,0,0,0,3219
317,2,2,317_2_2023-10-13,8,0,0,0,0,0,1,1,2985
317,2,2,317_2_2023-10-13,9,1,0,0,1,0,0,0,5685
317,2,2,317_2_2023-10-13,10,0,1,0,0,1,0,0,7774
317,3,3,317_3_2023-10-13,1,0,1,0,0,1,0,0,6802
317,3,3,317_3_2023-10-13,2,0,0,0,0,0,1,1,1751
317,3,3,317_3_2023-10-13,3,1,1,1,0,0,0,1,5452
317,3,3,317_3_2023-10-13,4,1,0,0,1,0,0,0,2668
317,3,3,317_3_2023-10-13,5,0,0,0,0,0,1,1,3684
317,3,3,317_3_2023-10-13,6,0,0,0,0,0,1,1,3196
317,3,3,317_3_2023-10-13,7,1,1,1,0,0,0,1,5669
317,3,3,317_3_2023-10-13,8,1,0,0,1,0,0,0,2884
317,3,3,317_3_2023-10-13,9,1,0,0,1,0,0,0,5174
317,3,3,317_3_2023-10-13,10,0,0,0,0,0,1,1,3771
318,1,1,318_1_2024-01-10,1,0,1,0,0,1,0,0,2251
318,1,1,318_1_2024-01-10,2,0,1,0,0,1,0,0,2798
318,1,1,318_1_2024-01-10,3,1,1,1,0,0,0,1,1317
318,1,1,318_1_2024-01-10,4,1,0,0,1,0,0,0,1721
318,1,1,318_1_2024-01-10,5,0,0,0,0,0,1,1,1935
318,1,1,318_1_2024-01-10,6,1,0,0,1,0,0,0,2402
318,1,1,318_1_2024-01-10,7,1,1,1,0,0,0,1,1772
318,1,1,318_1_2024-01-10,8,0,0,0,0,0,1,1,1951
318,1,1,318_1_2024-01-10,9,1,1,1,0,0,0,1,1269
318,1,1,318_1_2024-01-10,10,0,0,0,0,0,1,1,1967
318,2,2,318_2_2024-01-10,1,0,0,0,0,0,1,1,2833
318,2,2,318_2_2024-01-10,2,1,1,1,0,0,0,1,1251
318,2,2,318_2_2024-01-10,3,1,1,1,0,0,0,1,2667
318,2,2,318_2_2024-01-10,4,0,0,0,0,0,1,1,1983
318,2,2,318_2_2024-01-10,5,0,0,0,0,0,1,1,3686
318,2,2,318_2_2024-01-10,6,1,1,1,0,0,0,1,1082
318,2,2,318_2_2024-01-10,7,1,1,1,0,0,0,1,1552
318,2,2,318_2_2024-01-10,8,1,1,1,0,0,0,1,3856
318,2,2,318_2_2024-01-10,9,0,0,0,0,0,1,1,2685
318,2,2,318_2_2024-01-10,10,0,0,0,0,0,1,1,3168
318,3,3,318_3_2024-01-10,1,0,0,0,0,0,1,1,2317
318,3,3,318_3_2024-01-10,2,1,1,1,0,0,0,1,1902
318,3,3,318_3_2024-01-10,3,0,0,0,0,0,1,1,1736
318,3,3,318_3_2024-01-10,4,1,1,1,0,0,0,1,986
318,3,3,318_3_2024-01-10,5,0,0,0,0,0,1,1,2087
318,3,3,318_3_2024-01-10,6,0,0,0,0,0,1,1,2253
318,3,3,318_3_2024-01-10,7,0,0,0,0,0,1,1,1701
318,3,3,318_3_2024-01-10,8,1,1,1,0,0,0,1,1336
318,3,3,318_3_2024-01-10,9,1,0,0,1,0,0,0,5618
318,3,3,318_3_2024-01-10,10,1,1,1,0,0,0,1,1252
319,1,1,319_1_2024-01-05,1,0,1,0,0,1,0,0,3368
319,1,1,319_1_2024-01-05,2,0,0,0,0,0,1,1,2316
319,1,1,319_1_2024-01-05,3,0,0,0,0,0,1,1,1834
319,1,1,319_1_2024-01-05,4,1,1,1,0,0,0,1,1702
319,1,1,319_1_2024-01-05,5,1,0,0,1,0,0,0,2184
319,1,1,319_1_2024-01-05,6,1,1,1,0,0,0,1,2135
319,1,1,319_1_2024-01-05,7,0,1,0,0,1,0,0,4299
319,1,1,319_1_2024-01-05,8,1,1,1,0,0,0,1,1969
319,1,1,319_1_2024-01-05,9,1,0,0,1,0,0,0,3302
319,1,1,319_1_2024-01-05,10,0,1,0,0,1,0,0,2167
319,2,2,319_2_2024-01-05,1,1,0,0,1,0,0,0,4663
319,2,2,319_2_2024-01-05,2,0,0,0,0,0,1,1,2818
319,2,2,319_2_2024-01-05,3,1,1,1,0,0,0,1,1782
319,2,2,319_2_2024-01-05,4,1,1,1,0,0,0,1,1484
319,2,2,319_2_2024-01-05,5,1,0,0,1,0,0,0,2567
319,2,2,319_2_2024-01-05,6,0,0,0,0,0,1,1,2167
319,2,2,319_2_2024-01-05,7,0,0,0,0,0,1,1,2382
319,2,2,319_2_2024-01-05,8,1,0,0,1,0,0,0,1701
319,2,2,319_2_2024-01-05,9,0,0,0,0,0,1,1,2336
319,2,2,319_2_2024-01-05,10,0,0,0,0,0,1,1,1718
319,3,3,319_3_2024-01-05,1,1,0,0,1,0,0,0,1584
319,3,3,319_3_2024-01-05,2,0,0,0,0,0,1,1,3183
319,3,3,319_3_2024-01-05,3,0,0,0,0,0,1,1,1954
319,3,3,319_3_2024-01-05,4,1,1,1,0,0,0,1,2248
319,3,3,319_3_2024-01-05,5,0,0,0,0,0,1,1,2398
319,3,3,319_3_2024-01-05,6,1,0,0,1,0,0,0,2700
319,3,3,319_3_2024-01-05,7,0,0,0,0,0,1,1,1418
319,3,3,319_3_2024-01-05,8,1,0,0,1,0,0,0,1433
319,3,3,319_3_2024-01-05,9,0,0,0,0,0,1,1,1183
319,3,3,319_3_2024-01-05,10,1,1,1,0,0,0,1,1499
320,1,1,320_1_2024-01-24,1,1,0,0,1,0,0,0,2217
320,1,1,320_1_2024-01-24,2,0,0,0,0,0,1,1,1884
320,1,1,320_1_2024-01-24,3,0,0,0,0,0,1,1,2193
320,1,1,320_1_2024-01-24,4,1,1,1,0,0,0,1,1417
320,1,1,320_1_2024-01-24,5,1,0,0,1,0,0,0,2269
320,1,1,320_1_2024-01-24,6,0,0,0,0,0,1,1,1552
320,1,1,320_1_2024-01-24,7,0,0,0,0,0,1,1,1803
320,1,1,320_1_2024-01-24,8,1,1,1,0,0,0,1,1253
320,1,1,320_1_2024-01-24,9,1,1,1,0,0,0,1,1300
320,1,1,320_1_2024-01-24,10,0,0,0,0,0,1,1,2018
320,2,2,320_2_2024-01-24,1,0,1,0,0,1,0,0,2701
320,2,2,320_2_2024-01-24,2,1,1,1,0,0,0,1,1400
320,2,2,320_2_2024-01-24,3,1,1,1,0,0,0,1,2334
320,2,2,320_2_2024-01-24,4,0,0,0,0,0,1,1,1903
320,2,2,320_2_2024-01-24,5,1,0,0,1,0,0,0,2200
320,2,2,320_2_2024-01-24,6,1,1,1,0,0,0,1,2082
320,2,2,320_2_2024-01-24,7,1,0,0,1,0,0,0,2301
320,2,2,320_2_2024-01-24,8,0,0,0,0,0,1,1,1985
320,2,2,320_2_2024-01-24,9,0,0,0,0,0,1,1,2401
320,2,2,320_2_2024-01-24,10,0,0,0,0,0,1,1,2684
320,3,3,320_3_2024-01-24,1,1,0,0,1,0,0,0,2919
320,3,3,320_3_2024-01-24,2,0,0,0,0,0,1,1,2520
320,3,3,320_3_2024-01-24,3,0,0,0,0,0,1,1,2251
320,3,3,320_3_2024-01-24,4,1,0,0,1,0,0,0,2367
320,3,3,320_3_2024-01-24,5,0,0,0,0,0,1,1,2535
320,3,3,320_3_2024-01-24,6,1,0,0,1,0,0,0,2702
320,3,3,320_3_2024-01-24,7,1,1,1,0,0,0,1,1484
320,3,3,320_3_2024-01-24,8,0,0,0,0,0,1,1,3851
320,3,3,320_3_2024-01-24,9,1,0,0,1,0,0,0,2703
320,3,3,320_3_2024-01-24,10,0,0,0,0,0,1,1,1918
321,1,1,321_1_2024-02-05,1,1,0,0,1,0,0,0,2801
321,1,1,321_1_2024-02-05,2,0,0,0,0,0,1,1,1682
321,1,1,321_1_2024-02-05,3,1,1,1,0,0,0,1,1881
321,1,1,321_1_2024-02-05,4,0,1,0,0,1,0,0,2468
321,1,1,321_1_2024-02-05,5,0,0,0,0,0,1,1,1419
321,1,1,321_1_2024-02-05,6,0,0,0,0,0,1,1,3236
321,1,1,321_1_2024-02-05,7,0,0,0,0,0,1,1,2343
321,1,1,321_1_2024-02-05,8,1,1,1,0,0,0,1,1985
321,1,1,321_1_2024-02-05,9,1,0,0,1,0,0,0,1867
321,1,1,321_1_2024-02-05,10,1,1,1,0,0,0,1,1534
321,2,2,321_2_2024-02-05,1,1,0,0,1,0,0,0,3317
321,2,2,321_2_2024-02-05,2,1,1,1,0,0,0,1,1901
321,2,2,321_2_2024-02-05,3,0,0,0,0,0,1,1,1553
321,2,2,321_2_2024-02-05,4,1,0,0,1,0,0,0,2118
321,2,2,321_2_2024-02-05,5,0,1,0,0,1,0,0,3868
321,2,2,321_2_2024-02-05,6,1,0,0,1,0,0,0,4055
321,2,2,321_2_2024-02-05,7,0,0,0,0,0,1,1,2650
321,2,2,321_2_2024-02-05,8,0,0,0,0,0,1,1,2119
321,2,2,321_2_2024-02-05,9,1,0,0,1,0,0,0,2101
321,2,2,321_2_2024-02-05,10,0,0,0,0,0,1,1,2286
321,3,3,321_3_2024-02-05,1,1,1,1,0,0,0,1,1919
321,3,3,321_3_2024-02-05,2,1,1,1,0,0,0,1,1585
321,3,3,321_3_2024-02-05,3,0,1,0,0,1,0,0,1684
321,3,3,321_3_2024-02-05,4,1,0,0,1,0,0,0,2802
321,3,3,321_3_2024-02-05,5,0,1,0,0,1,0,0,2167
321,3,3,321_3_2024-02-05,6,0,1,0,0,1,0,0,1385
321,3,3,321_3_2024-02-05,7,1,1,1,0,0,0,1,2417
321,3,3,321_3_2024-02-05,8,1,0,0,1,0,0,0,1433
321,3,3,321_3_2024-02-05,9,0,1,0,0,1,0,0,2937
321,3,3,321_3_2024-02-05,10,0,1,0,0,1,0,0,1651
322,1,1,322_1_2024-02-13,1,0,0,0,0,0,1,1,2836
322,1,1,322_1_2024-02-13,2,1,1,1,0,0,0,1,1651
322,1,1,322_1_2024-02-13,3,0,0,0,0,0,1,1,2033
322,1,1,322_1_2024-02-13,4,1,1,1,0,0,0,1,1601
322,1,1,322_1_2024-02-13,5,1,1,1,0,0,0,1,2435
322,1,1,322_1_2024-02-13,6,0,0,0,0,0,1,1,2302
322,1,1,322_1_2024-02-13,7,1,1,1,0,0,0,1,1588
322,1,1,322_1_2024-02-13,8,1,0,0,1,0,0,0,5352
322,1,1,322_1_2024-02-13,9,0,1,0,0,1,0,0,1769
322,1,1,322_1_2024-02-13,10,0,0,0,0,0,1,1,2267
322,2,2,322_2_2024-02-13,1,0,0,0,0,0,1,1,2385
322,2,2,322_2_2024-02-13,2,1,1,1,0,0,0,1,2769
322,2,2,322_2_2024-02-13,3,0,0,0,0,0,1,1,1800
322,2,2,322_2_2024-02-13,4,1,1,1,0,0,0,1,2267
322,2,2,322_2_2024-02-13,5,1,1,1,0,0,0,1,1467
322,2,2,322_2_2024-02-13,6,0,0,0,0,0,1,1,1920
322,2,2,322_2_2024-02-13,7,1,1,1,0,0,0,1,2032
322,2,2,322_2_2024-02-13,8,1,1,1,0,0,0,1,1385
322,2,2,322_2_2024-02-13,9,0,0,0,0,0,1,1,2217
322,2,2,322_2_2024-02-13,10,0,0,0,0,0,1,1,1963
322,3,3,322_3_2024-02-13,1,0,0,0,0,0,1,1,2116
322,3,3,322_3_2024-02-13,2,0,0,0,0,0,1,1,1966
322,3,3,322_3_2024-02-13,3,1,1,1,0,0,0,1,1836
322,3,3,322_3_2024-02-13,4,0,0,0,0,0,1,1,2268
322,3,3,322_3_2024-02-13,5,1,1,1,0,0,0,1,1534
322,3,3,322_3_2024-02-13,6,0,0,0,0,0,1,1,1867
322,3,3,322_3_2024-02-13,7,1,1,1,0,0,0,1,2319
322,3,3,322_3_2024-02-13,8,1,0,0,1,0,0,0,3284
322,3,3,322_3_2024-02-13,9,1,1,1,0,0,0,1,1600
322,3,3,322_3_2024-02-13,10,0,0,0,0,0,1,1,2171
323,1,1,323_1_2024-02-19,1,0,0,0,0,0,1,1,3207
323,1,1,323_1_2024-02-19,2,1,0,0,1,0,0,0,3584
323,1,1,323_1_2024-02-19,3,1,1,1,0,0,0,1,1935
323,1,1,323_1_2024-02-19,4,0,0,0,0,0,1,1,2633
323,1,1,323_1_2024-02-19,5,1,1,1,0,0,0,1,2417
323,1,1,323_1_2024-02-19,6,0,0,0,0,0,1,1,1568
323,1,1,323_1_2024-02-19,7,0,0,0,0,0,1,1,2218
323,1,1,323_1_2024-02-19,8,1,1,1,0,0,0,1,3066
323,1,1,323_1_2024-02-19,9,1,0,0,1,0,0,0,2651
323,1,1,323_1_2024-02-19,10,0,0,0,0,0,1,1,2301
323,2,2,323_2_2024-02-19,1,0,0,0,0,0,1,1,1802
323,2,2,323_2_2024-02-19,2,0,0,0,0,0,1,1,2252
323,2,2,323_2_2024-02-19,3,1,0,0,1,0,0,0,1852
323,2,2,323_2_2024-02-19,4,0,0,0,0,0,1,1,2902
323,2,2,323_2_2024-02-19,5,1,0,0,1,0,0,0,3002
323,2,2,323_2_2024-02-19,6,1,1,1,0,0,0,1,1982
323,2,2,323_2_2024-02-19,7,0,0,0,0,0,1,1,1866
323,2,2,323_2_2024-02-19,8,1,0,0,1,0,0,0,3052
323,2,2,323_2_2024-02-19,9,0,0,0,0,0,1,1,3379
323,2,2,323_2_2024-02-19,10,1,0,0,1,0,0,0,3568
323,3,3,323_3_2024-02-19,1,1,0,0,1,0,0,0,1931
323,3,3,323_3_2024-02-19,2,1,0,0,1,0,0,0,2636
323,3,3,323_3_2024-02-19,3,0,0,0,0,0,1,1,4450
323,3,3,323_3_2024-02-19,4,1,1,1,0,0,0,1,3117
323,3,3,323_3_2024-02-19,5,0,0,0,0,0,1,1,2269
323,3,3,323_3_2024-02-19,6,0,0,0,0,0,1,1,3986
323,3,3,323_3_2024-02-19,7,0,0,0,0,0,1,1,3469
323,3,3,323_3_2024-02-19,8,1,1,1,0,0,0,1,2137
323,3,3,323_3_2024-02-19,9,0,0,0,0,0,1,1,1669
323,3,3,323_3_2024-02-19,10,1,0,0,1,0,0,0,1316
324,1,1,324_1_2024-02-28,1,0,0,0,0,0,1,1,1734
324,1,1,324_1_2024-02-28,2,1,1,1,0,0,0,1,2070
324,1,1,324_1_2024-02-28,3,1,1,1,0,0,0,1,2533
324,1,1,324_1_2024-02-28,4,1,0,0,1,0,0,0,1867
324,1,1,324_1_2024-02-28,5,0,0,0,0,0,1,1,1484
324,1,1,324_1_2024-02-28,6,1,1,1,0,0,0,1,2051
324,1,1,324_1_2024-02-28,7,0,0,0,0,0,1,1,3317
324,1,1,324_1_2024-02-28,8,0,0,0,0,0,1,1,1584
324,1,1,324_1_2024-02-28,9,0,0,0,0,0,1,1,1734
324,1,1,324_1_2024-02-28,10,1,1,1,0,0,0,1,1898
324,2,2,324_2_2024-02-28,1,0,0,0,0,0,1,1,1517
324,2,2,324_2_2024-02-28,2,1,0,0,1,0,0,0,3236
324,2,2,324_2_2024-02-28,3,0,0,0,0,0,1,1,1518
324,2,2,324_2_2024-02-28,4,1,0,0,1,0,0,0,3320
324,2,2,324_2_2024-02-28,5,1,0,0,1,0,0,0,4701
324,2,2,324_2_2024-02-28,6,0,0,0,0,0,1,1,1784
324,2,2,324_2_2024-02-28,7,1,0,0,1,0,0,0,1869
324,2,2,324_2_2024-02-28,8,1,1,1,0,0,0,1,1634
324,2,2,324_2_2024-02-28,9,0,0,0,0,0,1,1,1635
324,2,2,324_2_2024-02-28,10,0,0,0,0,0,1,1,2455
324,3,3,324_3_2024-02-28,1,1,1,1,0,0,0,1,1518
324,3,3,324_3_2024-02-28,2,0,0,0,0,0,1,1,1085
324,3,3,324_3_2024-02-28,3,1,1,1,0,0,0,1,1502
324,3,3,324_3_2024-02-28,4,1,1,1,0,0,0,1,1417
324,3,3,324_3_2024-02-28,5,0,0,0,0,0,1,1,1769
324,3,3,324_3_2024-02-28,6,0,0,0,0,0,1,1,2134
324,3,3,324_3_2024-02-28,7,1,0,0,1,0,0,0,2467
324,3,3,324_3_2024-02-28,8,0,0,0,0,0,1,1,1586
324,3,3,324_3_2024-02-28,9,1,0,0,1,0,0,0,1619
324,3,3,324_3_2024-02-28,10,0,0,0,0,0,1,1,2183
325,1,1,325_1_2024-02-22,1,0,0,0,0,0,1,1,1567
325,1,1,325_1_2024-02-22,2,1,1,1,0,0,0,1,1651
325,1,1,325_1_2024-02-22,3,0,0,0,0,0,1,1,1798
325,1,1,325_1_2024-02-22,4,1,1,1,0,0,0,1,1718
325,1,1,325_1_2024-02-22,5,1,1,1,0,0,0,1,1622
325,1,1,325_1_2024-02-22,6,0,0,0,0,0,1,1,1667
325,1,1,325_1_2024-02-22,7,0,0,0,0,0,1,1,1935
325,1,1,325_1_2024-02-22,8,1,1,1,0,0,0,1,1117
325,1,1,325_1_2024-02-22,9,0,0,0,0,0,1,1,2017
325,1,1,325_1_2024-02-22,10,1,1,1,0,0,0,1,1534
325,2,2,325_2_2024-02-22,1,1,0,0,1,0,0,0,1883
325,2,2,325_2_2024-02-22,2,0,0,0,0,0,1,1,1600
325,2,2,325_2_2024-02-22,3,0,0,0,0,0,1,1,1451
325,2,2,325_2_2024-02-22,4,1,0,0,1,0,0,0,1400
325,2,2,325_2_2024-02-22,5,1,0,0,1,0,0,0,1870
325,2,2,325_2_2024-02-22,6,1,0,0,1,0,0,0,2368
325,2,2,325_2_2024-02-22,7,0,0,0,0,0,1,1,2384
325,2,2,325_2_2024-02-22,8,0,0,0,0,0,1,1,1351
325,2,2,325_2_2024-02-22,9,0,0,0,0,0,1,1,1216
325,2,2,325_2_2024-02-22,10,1,1,1,0,0,0,1,1568
325,3,3,325_3_2024-02-22,1,1,1,1,0,0,0,1,3334
325,3,3,325_3_2024-02-22,2,0,0,0,0,0,1,1,2018
325,3,3,325_3_2024-02-22,3,1,1,1,0,0,0,1,1384
325,3,3,325_3_2024-02-22,4,0,0,0,0,0,1,1,1434
325,3,3,325_3_2024-02-22,5,1,1,1,0,0,0,1,3269
325,3,3,325_3_2024-02-22,6,1,0,0,1,0,0,0,4918
325,3,3,325_3_2024-02-22,7,0,0,0,0,0,1,1,2084
325,3,3,325_3_2024-02-22,8,1,1,1,0,0,0,1,1366
325,3,3,325_3_2024-02-22,9,0,0,0,0,0,1,1,1550
325,3,3,325_3_2024-02-22,10,0,1,0,0,1,0,0,3485
326,1,1,326_1_2024-03-11,1,1,0,0,1,0,0,0,1900
326,1,1,326_1_2024-03-11,2,1,1,1,0,0,0,1,2983
326,1,1,326_1_2024-03-11,3,0,0,0,0,0,1,1,2489
326,1,1,326_1_2024-03-11,4,1,1,1,0,0,0,1,2005
326,1,1,326_1_2024-03-11,5,0,0,0,0,0,1,1,2401
326,1,1,326_1_2024-03-11,6,0,1,0,0,1,0,0,3934
326,1,1,326_1_2024-03-11,7,0,1,0,0,1,0,0,6252
326,1,1,326_1_2024-03-11,8,1,1,1,0,0,0,1,1968
326,1,1,326_1_2024-03-11,9,1,1,1,0,0,0,1,1337
326,1,1,326_1_2024-03-11,10,0,0,0,0,0,1,1,1617
326,2,2,326_2_2024-03-11,1,0,0,0,0,0,1,1,1818
326,2,2,326_2_2024-03-11,2,0,1,0,0,1,0,0,3844
326,2,2,326_2_2024-03-11,3,0,0,0,0,0,1,1,1784
326,2,2,326_2_2024-03-11,4,0,0,0,0,0,1,1,1735
326,2,2,326_2_2024-03-11,5,0,1,0,0,1,0,0,9102
326,2,2,326_2_2024-03-11,6,1,1,1,0,0,0,1,4336
326,2,2,326_2_2024-03-11,7,1,0,0,1,0,0,0,2401
326,2,2,326_2_2024-03-11,8,1,0,0,1,0,0,0,4250
326,2,2,326_2_2024-03-11,9,1,1,1,0,0,0,1,1587
326,2,2,326_2_2024-03-11,10,1,1,1,0,0,0,1,1819
326,3,3,326_3_2024-03-11,1,0,0,0,0,0,1,1,4653
326,3,3,326_3_2024-03-11,2,0,0,0,0,0,1,1,3267
326,3,3,326_3_2024-03-11,3,1,1,1,0,0,0,1,2101
326,3,3,326_3_2024-03-11,4,0,0,0,0,0,1,1,2186
326,3,3,326_3_2024-03-11,5,1,1,1,0,0,0,1,2084
326,3,3,326_3_2024-03-11,6,0,0,0,0,0,1,1,2634
326,3,3,326_3_2024-03-11,7,1,0,0,1,0,0,0,8053
326,3,3,326_3_2024-03-11,8,1,1,1,0,0,0,1,1281
326,3,3,326_3_2024-03-11,9,0,0,0,0,0,1,1,2051
326,3,3,326_3_2024-03-11,10,1,1,1,0,0,0,1,2066
327,1,1,327_1_2024-03-14,1,1,0,0,1,0,0,0,3018
327,1,1,327_1_2024-03-14,2,1,1,1,0,0,0,1,1883
327,1,1,327_1_2024-03-14,3,1,0,0,1,0,0,0,4867
327,1,1,327_1_2024-03-14,4,1,0,0,1,0,0,0,2484
327,1,1,327_1_2024-03-14,5,0,0,0,0,0,1,1,2550
327,1,1,327_1_2024-03-14,6,0,0,0,0,0,1,1,3468
327,1,1,327_1_2024-03-14,7,1,0,0,1,0,0,0,2817
327,1,1,327_1_2024-03-14,8,0,0,0,0,0,1,1,4636
327,1,1,327_1_2024-03-14,9,0,0,0,0,0,1,1,3840
327,1,1,327_1_2024-03-14,10,0,0,0,0,0,1,1,3302
327,2,2,327_2_2024-03-14,1,1,1,1,0,0,0,1,1234
327,2,2,327_2_2024-03-14,2,0,0,0,0,0,1,1,2753
327,2,2,327_2_2024-03-14,3,0,0,0,0,0,1,1,4218
327,2,2,327_2_2024-03-14,4,1,0,0,1,0,0,0,3683
327,2,2,327_2_2024-03-14,5,1,0,0,1,0,0,0,2801
327,2,2,327_2_2024-03-14,6,0,0,0,0,0,1,1,3501
327,2,2,327_2_2024-03-14,7,0,0,0,0,0,1,1,1919
327,2,2,327_2_2024-03-14,8,0,0,0,0,0,1,1,1785
327,2,2,327_2_2024-03-14,9,1,1,1,0,0,0,1,1485
327,2,2,327_2_2024-03-14,10,1,0,0,1,0,0,0,2734
327,3,3,327_3_2024-03-14,1,0,0,0,0,0,1,1,2883
327,3,3,327_3_2024-03-14,2,0,0,0,0,0,1,1,2766
327,3,3,327_3_2024-03-14,3,1,1,1,0,0,0,1,1485
327,3,3,327_3_2024-03-14,4,0,0,0,0,0,1,1,2251
327,3,3,327_3_2024-03-14,5,0,0,0,0,0,1,1,1785
327,3,3,327_3_2024-03-14,6,1,1,1,0,0,0,1,2017
327,3,3,327_3_2024-03-14,7,1,1,1,0,0,0,1,3418
327,3,3,327_3_2024-03-14,8,1,1,1,0,0,0,1,2885
327,3,3,327_3_2024-03-14,9,1,0,0,1,0,0,0,2236
327,3,3,327_3_2024-03-14,10,0,0,0,0,0,1,1,2001
328,1,1,328_1_2024-03-26,1,0,0,0,0,0,1,1,2050
328,1,1,328_1_2024-03-26,2,1,1,1,0,0,0,1,1453
328,1,1,328_1_2024-03-26,3,1,0,0,1,0,0,0,5051
328,1,1,328_1_2024-03-26,4,0,0,0,0,0,1,1,3407
328,1,1,328_1_2024-03-26,5,0,0,0,0,0,1,1,3252
328,1,1,328_1_2024-03-26,6,1,1,1,0,0,0,1,1239
328,1,1,328_1_2024-03-26,7,1,1,1,0,0,0,1,1286
328,1,1,328_1_2024-03-26,8,1,0,0,1,0,0,0,3069
328,1,1,328_1_2024-03-26,9,0,0,0,0,0,1,1,2819
328,1,1,328_1_2024-03-26,10,0,1,0,0,1,0,0,2102
328,2,2,328_2_2024-03-26,1,1,1,1,0,0,0,1,1269
328,2,2,328_2_2024-03-26,2,1,0,0,1,0,0,0,2135
328,2,2,328_2_2024-03-26,3,0,0,0,0,0,1,1,2669
328,2,2,328_2_2024-03-26,4,0,0,0,0,0,1,1,3684
328,2,2,328_2_2024-03-26,5,0,0,0,0,0,1,1,1717
328,2,2,328_2_2024-03-26,6,1,1,1,0,0,0,1,1101
328,2,2,328_2_2024-03-26,7,1,1,1,0,0,0,1,1164
328,2,2,328_2_2024-03-26,8,0,0,0,0,0,1,1,2232
328,2,2,328_2_2024-03-26,9,1,0,0,1,0,0,0,1917
328,2,2,328_2_2024-03-26,10,0,1,0,0,1,0,0,2551
328,3,3,328_3_2024-03-26,1,0,0,0,0,0,1,1,2750
328,3,3,328_3_2024-03-26,2,1,1,1,0,0,0,1,3584
328,3,3,328_3_2024-03-26,3,1,0,0,1,0,0,0,2885
328,3,3,328_3_2024-03-26,4,0,0,0,0,0,1,1,5703
328,3,3,328_3_2024-03-26,5,1,0,0,1,0,0,0,2482
328,3,3,328_3_2024-03-26,6,1,1,1,0,0,0,1,1151
328,3,3,328_3_2024-03-26,7,1,0,0,1,0,0,0,1237
328,3,3,328_3_2024-03-26,8,0,1,0,0,1,0,0,2551
328,3,3,328_3_2024-03-26,9,0,0,0,0,0,1,1,2349
328,3,3,328_3_2024-03-26,10,0,0,0,0,0,1,1,2065
329,1,1,329_1_2024-04-02,1,1,1,1,0,0,0,1,2849
329,1,1,329_1_2024-04-02,2,1,1,1,0,0,0,1,2886
329,1,1,329_1_2024-04-02,3,1,0,0,1,0,0,0,2617
329,1,1,329_1_2024-04-02,4,0,1,0,0,1,0,0,1404
329,1,1,329_1_2024-04-02,5,0,0,0,0,0,1,1,2167
329,1,1,329_1_2024-04-02,6,0,1,0,0,1,0,0,4234
329,1,1,329_1_2024-04-02,7,0,0,0,0,0,1,1,4007
329,1,1,329_1_2024-04-02,8,1,0,0,1,0,0,0,3517
329,1,1,329_1_2024-04-02,9,1,0,0,1,0,0,0,5516
329,1,1,329_1_2024-04-02,10,0,0,0,0,0,1,1,4766
329,2,2,329_2_2024-04-02,1,0,0,0,0,0,1,1,4068
329,2,2,329_2_2024-04-02,2,0,0,0,0,0,1,1,4019
329,2,2,329_2_2024-04-02,3,1,1,1,0,0,0,1,3751
329,2,2,329_2_2024-04-02,4,1,0,0,1,0,0,0,2873
329,2,2,329_2_2024-04-02,5,1,0,0,1,0,0,0,4418
329,2,2,329_2_2024-04-02,6,0,0,0,0,0,1,1,5719
329,2,2,329_2_2024-04-02,7,1,0,0,1,0,0,0,2316
329,2,2,329_2_2024-04-02,8,0,1,0,0,1,0,0,5154
329,2,2,329_2_2024-04-02,9,1,0,0,1,0,0,0,4435
329,2,2,329_2_2024-04-02,10,0,0,0,0,0,1,1,3349
329,3,3,329_3_2024-04-02,1,1,0,0,1,0,0,0,5302
329,3,3,329_3_2024-04-02,2,1,0,0,1,0,0,0,4219
329,3,3,329_3_2024-04-02,3,0,0,0,0,0,1,1,3253
329,3,3,329_3_2024-04-02,4,0,1,0,0,1,0,0,4490
329,3,3,329_3_2024-04-02,5,0,1,0,0,1,0,0,4885
329,3,3,329_3_2024-04-02,6,1,1,1,0,0,0,1,4903
329,3,3,329_3_2024-04-02,7,0,0,0,0,0,1,1,5286
329,3,3,329_3_2024-04-02,8,1,0,0,1,0,0,0,3352
329,3,3,329_3_2024-04-02,9,0,1,0,0,1,0,0,5251
329,3,3,329_3_2024-04-02,10,1,1,1,0,0,0,1,5268
330,1,1,330_1_2024-04-11,1,0,0,0,0,0,1,1,1986
330,1,1,330_1_2024-04-11,2,1,1,1,0,0,0,1,2300
330,1,1,330_1_2024-04-11,3,1,1,1,0,0,0,1,1467
330,1,1,330_1_2024-04-11,4,1,1,1,0,0,0,1,1600
330,1,1,330_1_2024-04-11,5,0,0,0,0,0,1,1,1735
330,1,1,330_1_2024-04-11,6,1,0,0,1,0,0,0,1849
330,1,1,330_1_2024-04-11,7,1,0,0,1,0,0,0,1770
330,1,1,330_1_2024-04-11,8,0,1,0,0,1,0,0,9536
330,1,1,330_1_2024-04-11,9,0,1,0,0,1,0,0,2468
330,1,1,330_1_2024-04-11,10,0,0,0,0,0,1,1,1668
330,2,2,330_2_2024-04-11,1,0,0,0,0,0,1,1,3218
330,2,2,330_2_2024-04-11,2,1,0,0,1,0,0,0,2767
330,2,2,330_2_2024-04-11,3,0,0,0,0,0,1,1,1818
330,2,2,330_2_2024-04-11,4,1,0,0,1,0,0,0,2470
330,2,2,330_2_2024-04-11,5,0,0,0,0,0,1,1,1466
330,2,2,330_2_2024-04-11,6,0,0,0,0,0,1,1,1833
330,2,2,330_2_2024-04-11,7,1,1,1,0,0,0,1,2119
330,2,2,330_2_2024-04-11,8,1,0,0,1,0,0,0,1667
330,2,2,330_2_2024-04-11,9,1,1,1,0,0,0,1,2968
330,2,2,330_2_2024-04-11,10,0,0,0,0,0,1,1,1867
330,3,3,330_3_2024-04-11,1,1,0,0,1,0,0,0,2635
330,3,3,330_3_2024-04-11,2,0,0,0,0,0,1,1,2169
330,3,3,330_3_2024-04-11,3,0,0,0,0,0,1,1,2552
330,3,3,330_3_2024-04-11,4,0,0,0,0,0,1,1,1967
330,3,3,330_3_2024-04-11,5,0,0,0,0,0,1,1,2133
330,3,3,330_3_2024-04-11,6,1,1,1,0,0,0,1,1502
330,3,3,330_3_2024-04-11,7,1,1,1,0,0,0,1,2451
330,3,3,330_3_2024-04-11,8,0,0,0,0,0,1,1,2150
330,3,3,330_3_2024-04-11,9,1,1,1,0,0,0,1,2333
330,3,3,330_3_2024-04-11,10,1,1,1,0,0,0,1,7003
331,1,1,331_1_2024-04-29,1,0,0,0,0,0,1,1,3803
331,1,1,331_1_2024-04-29,2,0,0,0,0,0,1,1,4780
331,1,1,331_1_2024-04-29,3,1,1,1,0,0,0,1,3438
331,1,1,331_1_2024-04-29,4,0,0,0,0,0,1,1,2750
331,1,1,331_1_2024-04-29,5,1,1,1,0,0,0,1,3035
331,1,1,331_1_2024-04-29,6,1,1,1,0,0,0,1,3719
331,1,1,331_1_2024-04-29,7,1,1,1,0,0,0,1,1533
331,1,1,331_1_2024-04-29,8,1,1,1,0,0,0,1,2885
331,1,1,331_1_2024-04-29,9,0,0,0,0,0,1,1,2402
331,1,1,331_1_2024-04-29,10,0,1,0,0,1,0,0,3947
331,2,2,331_2_2024-04-29,1,1,1,1,0,0,0,1,4218
331,2,2,331_2_2024-04-29,2,1,1,1,0,0,0,1,2269
331,2,2,331_2_2024-04-29,3,0,0,0,0,0,1,1,1902
331,2,2,331_2_2024-04-29,4,0,0,0,0,0,1,1,2317
331,2,2,331_2_2024-04-29,5,0,0,0,0,0,1,1,2019
331,2,2,331_2_2024-04-29,6,1,1,1,0,0,0,1,1986
331,2,2,331_2_2024-04-29,7,0,0,0,0,0,1,1,2786
331,2,2,331_2_2024-04-29,8,1,1,1,0,0,0,1,2285
331,2,2,331_2_2024-04-29,9,1,1,1,0,0,0,1,2434
331,2,2,331_2_2024-04-29,10,0,0,0,0,0,1,1,3083
331,3,3,331_3_2024-04-29,1,1,1,1,0,0,0,1,3101
331,3,3,331_3_2024-04-29,2,1,0,0,1,0,0,0,2801
331,3,3,331_3_2024-04-29,3,0,0,0,0,0,1,1,1150
331,3,3,331_3_2024-04-29,4,1,1,1,0,0,0,1,1266
331,3,3,331_3_2024-04-29,5,1,0,0,1,0,0,0,4718
331,3,3,331_3_2024-04-29,6,0,1,0,0,1,0,0,1420
331,3,3,331_3_2024-04-29,7,0,0,0,0,0,1,1,2467
331,3,3,331_3_2024-04-29,8,0,0,0,0,0,1,1,1549
331,3,3,331_3_2024-04-29,9,1,0,0,1,0,0,0,1467
331,3,3,331_3_2024-04-29,10,0,0,0,0,0,1,1,2702
332,1,1,332_1_2024-07-10,1,0,0,0,0,0,1,1,1569
332,1,1,332_1_2024-07-10,2,0,0,0,0,0,1,1,1921
332,1,1,332_1_2024-07-10,3,0,0,0,0,0,1,1,1449
332,1,1,332_1_2024-07-10,4,0,0,0,0,0,1,1,1771
332,1,1,332_1_2024-07-10,5,1,0,0,1,0,0,0,1945
332,1,1,332_1_2024-07-10,6,1,0,0,1,0,0,0,2223
332,1,1,332_1_2024-07-10,7,1,0,0,1,0,0,0,3578
332,1,1,332_1_2024-07-10,8,1,1,1,0,0,0,1,2535
332,1,1,332_1_2024-07-10,9,0,0,0,0,0,1,1,1837
332,1,1,332_1_2024-07-10,10,1,1,1,0,0,0,1,3173
332,2,2,332_2_2024-07-10,1,0,0,0,0,0,1,1,3671
332,2,2,332_2_2024-07-10,2,1,0,0,1,0,0,0,2068
332,2,2,332_2_2024-07-10,3,0,0,0,0,0,1,1,2045
332,2,2,332_2_2024-07-10,4,1,0,0,1,0,0,0,2501
332,2,2,332_2_2024-07-10,5,1,0,0,1,0,0,0,3364
332,2,2,332_2_2024-07-10,6,1,0,0,1,0,0,0,2805
332,2,2,332_2_2024-07-10,7,0,0,0,0,0,1,1,4369
332,2,2,332_2_2024-07-10,8,0,0,0,0,0,1,1,1767
332,2,2,332_2_2024-07-10,9,1,0,0,1,0,0,0,4499
332,2,2,332_2_2024-07-10,10,0,0,0,0,0,1,1,2157
332,3,3,332_3_2024-07-10,1,1,0,0,1,0,0,0,1536
332,3,3,332_3_2024-07-10,2,0,0,0,0,0,1,1,2927
332,3,3,332_3_2024-07-10,3,1,0,0,1,0,0,0,3649
332,3,3,332_3_2024-07-10,4,1,0,0,1,0,0,0,3270
332,3,3,332_3_2024-07-10,5,0,0,0,0,0,1,1,1901
332,3,3,332_3_2024-07-10,6,1,1,1,0,0,0,1,5700
332,3,3,332_3_2024-07-10,7,1,0,0,1,0,0,0,2250
332,3,3,332_3_2024-07-10,8,0,0,0,0,0,1,1,2603
332,3,3,332_3_2024-07-10,9,0,0,0,0,0,1,1,2651
332,3,3,332_3_2024-07-10,10,0,0,0,0,0,1,1,1967
333,1,1,333_1_2024-05-09,1,1,0,0,1,0,0,0,1733
333,1,1,333_1_2024-05-09,2,0,0,0,0,0,1,1,1249
333,1,1,333_1_2024-05-09,3,1,0,0,1,0,0,0,1500
333,1,1,333_1_2024-05-09,4,0,0,0,0,0,1,1,1371
333,1,1,333_1_2024-05-09,5,0,0,0,0,0,1,1,1484
333,1,1,333_1_2024-05-09,6,1,0,0,1,0,0,0,1385
333,1,1,333_1_2024-05-09,7,1,0,0,1,0,0,0,1651
333,1,1,333_1_2024-05-09,8,1,0,0,1,0,0,0,1117
333,1,1,333_1_2024-05-09,9,0,1,0,0,1,0,0,5603
333,1,1,333_1_2024-05-09,10,0,0,0,0,0,1,1,1318
333,2,2,333_2_2024-05-09,1,0,0,0,0,0,1,1,1501
333,2,2,333_2_2024-05-09,2,1,0,0,1,0,0,0,1883
333,2,2,333_2_2024-05-09,3,0,1,0,0,1,0,0,2686
333,2,2,333_2_2024-05-09,4,1,0,0,1,0,0,0,1168
333,2,2,333_2_2024-05-09,5,0,0,0,0,0,1,1,1501
333,2,2,333_2_2024-05-09,6,1,0,0,1,0,0,0,3819
333,2,2,333_2_2024-05-09,7,0,0,0,0,0,1,1,2567
333,2,2,333_2_2024-05-09,8,1,0,0,1,0,0,0,1684
333,2,2,333_2_2024-05-09,9,1,1,1,0,0,0,1,3686
333,2,2,333_2_2024-05-09,10,0,0,0,0,0,1,1,1417
333,3,3,333_3_2024-05-09,1,0,0,0,0,0,1,1,1285
333,3,3,333_3_2024-05-09,2,1,0,0,1,0,0,0,1586
333,3,3,333_3_2024-05-09,3,1,0,0,1,0,0,0,1817
333,3,3,333_3_2024-05-09,4,1,0,0,1,0,0,0,1567
333,3,3,333_3_2024-05-09,5,0,0,0,0,0,1,1,1767
333,3,3,333_3_2024-05-09,6,0,0,0,0,0,1,1,1384
333,3,3,333_3_2024-05-09,7,1,1,1,0,0,0,1,1852
333,3,3,333_3_2024-05-09,8,1,0,0,1,0,0,0,7061
333,3,3,333_3_2024-05-09,9,0,0,0,0,0,1,1,2249
333,3,3,333_3_2024-05-09,10,0,0,0,0,0,1,1,1235
334,1,1,334_1_2024-05-07,1,0,1,0,0,1,0,0,7203
334,1,1,334_1_2024-05-07,2,1,1,1,0,0,0,1,2984
334,1,1,334_1_2024-05-07,3,0,0,0,0,0,1,1,2252
334,1,1,334_1_2024-05-07,4,0,0,0,0,0,1,1,2433
334,1,1,334_1_2024-05-07,5,1,0,0,1,0,0,0,4818
334,1,1,334_1_2024-05-07,6,1,0,0,1,0,0,0,4068
334,1,1,334_1_2024-05-07,7,0,1,0,0,1,0,0,3802
334,1,1,334_1_2024-05-07,8,1,1,1,0,0,0,1,4857
334,1,1,334_1_2024-05-07,9,0,0,0,0,0,1,1,1668
334,1,1,334_1_2024-05-07,10,1,1,1,0,0,0,1,1402
334,2,2,334_2_2024-05-07,1,0,0,0,0,0,1,1,1951
334,2,2,334_2_2024-05-07,2,1,1,1,0,0,0,1,2518
334,2,2,334_2_2024-05-07,3,0,1,0,0,1,0,0,5052
334,2,2,334_2_2024-05-07,4,0,0,0,0,0,1,1,1667
334,2,2,334_2_2024-05-07,5,0,0,0,0,0,1,1,3099
334,2,2,334_2_2024-05-07,6,1,1,1,0,0,0,1,2017
334,2,2,334_2_2024-05-07,7,1,1,1,0,0,0,1,3238
334,2,2,334_2_2024-05-07,8,1,1,1,0,0,0,1,3717
334,2,2,334_2_2024-05-07,9,0,0,0,0,0,1,1,1869
334,2,2,334_2_2024-05-07,10,1,0,0,1,0,0,0,6936
334,3,3,334_3_2024-05-07,1,0,0,0,0,0,1,1,3219
334,3,3,334_3_2024-05-07,2,0,1,0,0,1,0,0,4151
334,3,3,334_3_2024-05-07,3,0,0,0,0,0,1,1,2838
334,3,3,334_3_2024-05-07,4,1,0,0,1,0,0,0,3417
334,3,3,334_3_2024-05-07,5,0,1,0,0,1,0,0,2036
334,3,3,334_3_2024-05-07,6,1,1,1,0,0,0,1,8338
334,3,3,334_3_2024-05-07,7,1,1,1,0,0,0,1,1418
334,3,3,334_3_2024-05-07,8,0,0,0,0,0,1,1,2602
334,3,3,334_3_2024-05-07,9,1,1,1,0,0,0,1,1332
334,3,3,334_3_2024-05-07,10,1,1,1,0,0,0,1,2051
335,1,1,335_1_2024-05-13,1,0,0,0,0,0,1,1,2653
335,1,1,335_1_2024-05-13,2,0,0,0,0,0,1,1,2869
335,1,1,335_1_2024-05-13,3,0,0,0,0,0,1,1,2296
335,1,1,335_1_2024-05-13,4,1,1,1,0,0,0,1,1517
335,1,1,335_1_2024-05-13,5,1,0,0,1,0,0,0,1567
335,1,1,335_1_2024-05-13,6,0,0,0,0,0,1,1,5619
335,1,1,335_1_2024-05-13,7,0,0,0,0,0,1,1,1149
335,1,1,335_1_2024-05-13,8,1,0,0,1,0,0,0,1451
335,1,1,335_1_2024-05-13,9,1,0,0,1,0,0,0,5836
335,1,1,335_1_2024-05-13,10,1,0,0,1,0,0,0,3702
335,2,2,335_2_2024-05-13,1,0,0,0,0,0,1,1,1553
335,2,2,335_2_2024-05-13,2,1,1,1,0,0,0,1,3835
335,2,2,335_2_2024-05-13,3,0,0,0,0,0,1,1,2884
335,2,2,335_2_2024-05-13,4,0,0,0,0,0,1,1,1467
335,2,2,335_2_2024-05-13,5,1,0,0,1,0,0,0,3253
335,2,2,335_2_2024-05-13,6,0,0,0,0,0,1,1,2200
335,2,2,335_2_2024-05-13,7,1,0,0,1,0,0,0,2367
335,2,2,335_2_2024-05-13,8,1,0,0,1,0,0,0,2518
335,2,2,335_2_2024-05-13,9,1,0,0,1,0,0,0,1666
335,2,2,335_2_2024-05-13,10,0,0,0,0,0,1,1,4353
335,3,3,335_3_2024-05-13,1,1,1,1,0,0,0,1,1952
335,3,3,335_3_2024-05-13,2,0,0,0,0,0,1,1,1434
335,3,3,335_3_2024-05-13,3,1,1,1,0,0,0,1,1400
335,3,3,335_3_2024-05-13,4,0,0,0,0,0,1,1,1368
335,3,3,335_3_2024-05-13,5,1,0,0,1,0,0,0,2435
335,3,3,335_3_2024-05-13,6,1,0,0,1,0,0,0,3501
335,3,3,335_3_2024-05-13,7,0,0,0,0,0,1,1,1200
335,3,3,335_3_2024-05-13,8,0,0,0,0,0,1,1,1969
335,3,3,335_3_2024-05-13,9,0,0,0,0,0,1,1,3318
335,3,3,335_3_2024-05-13,10,1,1,1,0,0,0,1,2567
336,1,1,336_1_2024-05-23,1,0,0,0,0,0,1,1,1971
336,1,1,336_1_2024-05-23,2,0,0,0,0,0,1,1,1552
336,1,1,336_1_2024-05-23,3,1,1,1,0,0,0,1,3695
336,1,1,336_1_2024-05-23,4,0,0,0,0,0,1,1,1483
336,1,1,336_1_2024-05-23,5,1,0,0,1,0,0,0,2369
336,1,1,336_1_2024-05-23,6,0,0,0,0,0,1,1,1417
336,1,1,336_1_2024-05-23,7,1,0,0,1,0,0,0,1599
336,1,1,336_1_2024-05-23,8,0,0,0,0,0,1,1,3837
336,1,1,336_1_2024-05-23,9,1,1,1,0,0,0,1,2268
336,1,1,336_1_2024-05-23,10,1,1,1,0,0,0,1,2316
336,2,2,336_2_2024-05-23,1,0,0,0,0,0,1,1,2518
336,2,2,336_2_2024-05-23,2,0,0,0,0,0,1,1,3052
336,2,2,336_2_2024-05-23,3,1,0,0,1,0,0,0,2817
336,2,2,336_2_2024-05-23,4,1,0,0,1,0,0,0,2755
336,2,2,336_2_2024-05-23,5,0,0,0,0,0,1,1,2600
336,2,2,336_2_2024-05-23,6,1,0,0,1,0,0,0,2088
336,2,2,336_2_2024-05-23,7,0,0,0,0,0,1,1,3836
336,2,2,336_2_2024-05-23,8,1,0,0,1,0,0,0,2101
336,2,2,336_2_2024-05-23,9,0,0,0,0,0,1,1,2934
336,2,2,336_2_2024-05-23,10,1,1,1,0,0,0,1,2082
336,3,3,336_3_2024-05-23,1,0,0,0,0,0,1,1,2300
336,3,3,336_3_2024-05-23,2,0,0,0,0,0,1,1,2669
336,3,3,336_3_2024-05-23,3,1,1,1,0,0,0,1,2035
336,3,3,336_3_2024-05-23,4,0,0,0,0,0,1,1,2151
336,3,3,336_3_2024-05-23,5,1,0,0,1,0,0,0,1883
336,3,3,336_3_2024-05-23,6,1,1,1,0,0,0,1,2421
336,3,3,336_3_2024-05-23,7,1,1,1,0,0,0,1,1534
336,3,3,336_3_2024-05-23,8,1,1,1,0,0,0,1,2868
336,3,3,336_3_2024-05-23,9,0,0,0,0,0,1,1,2432
336,3,3,336_3_2024-05-23,10,0,0,0,0,0,1,1,1767
337,1,1,337_1_2024-07-24,1,0,0,0,0,0,1,1,2830
337,1,1,337_1_2024-07-24,2,1,0,0,1,0,0,0,2017
337,1,1,337_1_2024-07-24,3,0,0,0,0,0,1,1,4798
337,1,1,337_1_2024-07-24,4,1,1,1,0,0,0,1,9591
337,1,1,337_1_2024-07-24,5,1,0,0,1,0,0,0,1800
337,1,1,337_1_2024-07-24,6,0,0,0,0,0,1,1,1918
337,1,1,337_1_2024-07-24,7,1,1,1,0,0,0,1,3303
337,1,1,337_1_2024-07-24,8,0,0,0,0,0,1,1,2185
337,1,1,337_1_2024-07-24,9,0,0,0,0,0,1,1,3197
337,1,1,337_1_2024-07-24,10,1,0,0,1,0,0,0,3601
337,2,2,337_2_2024-07-24,1,1,0,0,1,0,0,0,4840
337,2,2,337_2_2024-07-24,2,0,0,0,0,0,1,1,2035
337,2,2,337_2_2024-07-24,3,0,0,0,0,0,1,1,3103
337,2,2,337_2_2024-07-24,4,1,0,0,1,0,0,0,2656
337,2,2,337_2_2024-07-24,5,1,0,0,1,0,0,0,1770
337,2,2,337_2_2024-07-24,6,1,0,0,1,0,0,0,1718
337,2,2,337_2_2024-07-24,7,0,0,0,0,0,1,1,3789
337,2,2,337_2_2024-07-24,8,0,0,0,0,0,1,1,1874
337,2,2,337_2_2024-07-24,9,0,0,0,0,0,1,1,1612
337,2,2,337_2_2024-07-24,10,1,0,0,1,0,0,0,2568
337,3,3,337_3_2024-07-24,1,1,1,1,0,0,0,1,3004
337,3,3,337_3_2024-07-24,2,0,0,0,0,0,1,1,2535
337,3,3,337_3_2024-07-24,3,0,0,0,0,0,1,1,2158
337,3,3,337_3_2024-07-24,4,0,0,0,0,0,1,1,2633
337,3,3,337_3_2024-07-24,5,1,1,1,0,0,0,1,1699
337,3,3,337_3_2024-07-24,6,0,0,0,0,0,1,1,1652
337,3,3,337_3_2024-07-24,7,1,0,0,1,0,0,0,2997
337,3,3,337_3_2024-07-24,8,1,0,0,1,0,0,0,5862
337,3,3,337_3_2024-07-24,9,0,1,0,0,1,0,0,2232
337,3,3,337_3_2024-07-24,10,1,0,0,1,0,0,0,2111
338,1,1,338_1_2024-07-15,1,1,0,0,1,0,0,0,2750
338,1,1,338_1_2024-07-15,2,1,0,0,1,0,0,0,2712
338,1,1,338_1_2024-07-15,3,1,1,1,0,0,0,1,1897
338,1,1,338_1_2024-07-15,4,1,1,1,0,0,0,1,1461
338,1,1,338_1_2024-07-15,5,0,0,0,0,0,1,1,2666
338,1,1,338_1_2024-07-15,6,1,0,0,1,0,0,0,3252
338,1,1,338_1_2024-07-15,7,0,1,0,0,1,0,0,2894
338,1,1,338_1_2024-07-15,8,0,0,0,0,0,1,1,2184
338,1,1,338_1_2024-07-15,9,0,0,0,0,0,1,1,2031
338,1,1,338_1_2024-07-15,10,0,0,0,0,0,1,1,2184
338,2,2,338_2_2024-07-15,1,1,0,0,1,0,0,0,5326
338,2,2,338_2_2024-07-15,2,0,0,0,0,0,1,1,2195
338,2,2,338_2_2024-07-15,3,0,1,0,0,1,0,0,2562
338,2,2,338_2_2024-07-15,4,0,0,0,0,0,1,1,1685
338,2,2,338_2_2024-07-15,5,1,1,1,0,0,0,1,2269
338,2,2,338_2_2024-07-15,6,0,0,0,0,0,1,1,2234
338,2,2,338_2_2024-07-15,7,1,1,1,0,0,0,1,2528
338,2,2,338_2_2024-07-15,8,1,1,1,0,0,0,1,1309
338,2,2,338_2_2024-07-15,9,0,0,0,0,0,1,1,2103
338,2,2,338_2_2024-07-15,10,1,1,1,0,0,0,1,2839
338,3,3,338_3_2024-07-15,1,1,1,1,0,0,0,1,3387
338,3,3,338_3_2024-07-15,2,0,0,0,0,0,1,1,2085
338,3,3,338_3_2024-07-15,3,0,0,0,0,0,1,1,2016
338,3,3,338_3_2024-07-15,4,1,1,1,0,0,0,1,2174
338,3,3,338_3_2024-07-15,5,0,0,0,0,0,1,1,2387
338,3,3,338_3_2024-07-15,6,0,1,0,0,1,0,0,3605
338,3,3,338_3_2024-07-15,7,0,0,0,0,0,1,1,1750
338,3,3,338_3_2024-07-15,8,1,1,1,0,0,0,1,1864
338,3,3,338_3_2024-07-15,9,1,1,1,0,0,0,1,2114
338,3,3,338_3_2024-07-15,10,1,1,1,0,0,0,1,3553
339,1,1,339_1_2024-07-22,1,1,1,1,0,0,0,1,1434
339,1,1,339_1_2024-07-22,2,0,0,0,0,0,1,1,1233
339,1,1,339_1_2024-07-22,3,0,0,0,0,0,1,1,1298
339,1,1,339_1_2024-07-22,4,1,1,1,0,0,0,1,1019
339,1,1,339_1_2024-07-22,5,1,1,1,0,0,0,1,2841
339,1,1,339_1_2024-07-22,6,0,0,0,0,0,1,1,1417
339,1,1,339_1_2024-07-22,7,0,0,0,0,0,1,1,1486
339,1,1,339_1_2024-07-22,8,1,1,1,0,0,0,1,1102
339,1,1,339_1_2024-07-22,9,0,0,0,0,0,1,1,1368
339,1,1,339_1_2024-07-22,10,1,1,1,0,0,0,1,933
339,2,2,339_2_2024-07-22,1,1,1,1,0,0,0,1,1445
339,2,2,339_2_2024-07-22,2,1,1,1,0,0,0,1,1252
339,2,2,339_2_2024-07-22,3,0,0,0,0,0,1,1,1310
339,2,2,339_2_2024-07-22,4,1,0,0,1,0,0,0,1183
339,2,2,339_2_2024-07-22,5,0,0,0,0,0,1,1,1071
339,2,2,339_2_2024-07-22,6,1,1,1,0,0,0,1,935
339,2,2,339_2_2024-07-22,7,0,0,0,0,0,1,1,1167
339,2,2,339_2_2024-07-22,8,0,0,0,0,0,1,1,1286
339,2,2,339_2_2024-07-22,9,0,0,0,0,0,1,1,1355
339,2,2,339_2_2024-07-22,10,1,1,1,0,0,0,1,1033
339,3,3,339_3_2024-07-22,1,0,0,0,0,0,1,1,1261
339,3,3,339_3_2024-07-22,2,0,0,0,0,0,1,1,1152
339,3,3,339_3_2024-07-22,3,0,0,0,0,0,1,1,1376
339,3,3,339_3_2024-07-22,4,1,1,1,0,0,0,1,999
339,3,3,339_3_2024-07-22,5,1,1,1,0,0,0,1,1161
339,3,3,339_3_2024-07-22,6,0,0,0,0,0,1,1,1687
339,3,3,339_3_2024-07-22,7,1,1,1,0,0,0,1,954
339,3,3,339_3_2024-07-22,8,0,0,0,0,0,1,1,1282
339,3,3,339_3_2024-07-22,9,1,1,1,0,0,0,1,1145
339,3,3,339_3_2024-07-22,10,1,0,0,1,0,0,0,1184
340,1,1,340_1_2024-07-30,1,1,0,0,1,0,0,0,3134
340,1,1,340_1_2024-07-30,2,1,1,1,0,0,0,1,2033
340,1,1,340_1_2024-07-30,3,1,0,0,1,0,0,0,2382
340,1,1,340_1_2024-07-30,4,1,0,0,1,0,0,0,4635
340,1,1,340_1_2024-07-30,5,0,0,0,0,0,1,1,3806
340,1,1,340_1_2024-07-30,6,0,0,0,0,0,1,1,4551
340,1,1,340_1_2024-07-30,7,0,0,0,0,0,1,1,2035
340,1,1,340_1_2024-07-30,8,0,1,0,0,1,0,0,1425
340,1,1,340_1_2024-07-30,9,1,0,0,1,0,0,0,1250
340,1,1,340_1_2024-07-30,10,0,0,0,0,0,1,1,4565
340,2,2,340_2_2024-07-30,1,1,0,0,1,0,0,0,1605
340,2,2,340_2_2024-07-30,2,1,0,0,1,0,0,0,1226
340,2,2,340_2_2024-07-30,3,0,1,0,0,1,0,0,2812
340,2,2,340_2_2024-07-30,4,1,0,0,1,0,0,0,1469
340,2,2,340_2_2024-07-30,5,0,0,0,0,0,1,1,2055
340,2,2,340_2_2024-07-30,6,1,0,0,1,0,0,0,1891
340,2,2,340_2_2024-07-30,7,0,0,0,0,0,1,1,1501
340,2,2,340_2_2024-07-30,8,0,0,0,0,0,1,1,2725
340,2,2,340_2_2024-07-30,9,0,1,0,0,1,0,0,6214
340,2,2,340_2_2024-07-30,10,1,0,0,1,0,0,0,2025
340,3,3,340_3_2024-07-30,1,1,0,0,1,0,0,0,1400
340,3,3,340_3_2024-07-30,2,1,0,0,1,0,0,0,1216
340,3,3,340_3_2024-07-30,3,1,0,0,1,0,0,0,2866
340,3,3,340_3_2024-07-30,4,0,0,0,0,0,1,1,3919
340,3,3,340_3_2024-07-30,5,1,1,1,0,0,0,1,1990
340,3,3,340_3_2024-07-30,6,0,0,0,0,0,1,1,1434
340,3,3,340_3_2024-07-30,7,0,1,0,0,1,0,0,1384
340,3,3,340_3_2024-07-30,8,1,0,0,1,0,0,0,1050
340,3,3,340_3_2024-07-30,9,0,0,0,0,0,1,1,1791
340,3,3,340_3_2024-07-30,10,0,0,0,0,0,1,1,1315
341,1,1,341_1_2024-08-12,1,0,1,0,0,1,0,0,866
341,1,1,341_1_2024-08-12,2,1,1,1,0,0,0,1,5557
341,1,1,341_1_2024-08-12,3,1,1,1,0,0,0,1,1261
341,1,1,341_1_2024-08-12,4,0,1,0,0,1,0,0,2412
341,1,1,341_1_2024-08-12,5,0,0,0,0,0,1,1,3086
341,1,1,341_1_2024-08-12,6,1,0,0,1,0,0,0,2080
341,1,1,341_1_2024-08-12,7,0,0,0,0,0,1,1,9320
341,1,1,341_1_2024-08-12,8,0,0,0,0,0,1,1,1725
341,1,1,341_1_2024-08-12,9,1,0,0,1,0,0,0,1469
341,1,1,341_1_2024-08-12,10,1,0,0,1,0,0,0,11259
341,2,2,341_2_2024-08-12,1,0,1,0,0,1,0,0,3216
341,2,2,341_2_2024-08-12,2,1,0,0,1,0,0,0,4852
341,2,2,341_2_2024-08-12,3,1,0,0,1,0,0,0,3053
341,2,2,341_2_2024-08-12,4,0,1,0,0,1,0,0,1550
341,2,2,341_2_2024-08-12,5,1,0,0,1,0,0,0,1344
341,2,2,341_2_2024-08-12,6,0,0,0,0,0,1,1,3200
341,2,2,341_2_2024-08-12,7,1,0,0,1,0,0,0,1225
341,2,2,341_2_2024-08-12,8,0,0,0,0,0,1,1,1294
341,2,2,341_2_2024-08-12,9,0,0,0,0,0,1,1,1310
341,2,2,341_2_2024-08-12,10,1,0,0,1,0,0,0,1385
341,3,3,341_3_2024-08-12,1,1,0,0,1,0,0,0,3008
341,3,3,341_3_2024-08-12,2,1,0,0,1,0,0,0,1591
341,3,3,341_3_2024-08-12,3,0,0,0,0,0,1,1,1534
341,3,3,341_3_2024-08-12,4,1,0,0,1,0,0,0,1520
341,3,3,341_3_2024-08-12,5,0,0,0,0,0,1,1,1368
341,3,3,341_3_2024-08-12,6,0,1,0,0,1,0,0,3000
341,3,3,341_3_2024-08-12,7,0,0,0,0,0,1,1,1229
341,3,3,341_3_2024-08-12,8,1,0,0,1,0,0,0,1594
341,3,3,341_3_2024-08-12,9,1,1,1,0,0,0,1,1355
341,3,3,341_3_2024-08-12,10,0,0,0,0,0,1,1,1219
342,1,1,342_1_2024-08-19,1,0,1,0,0,1,0,0,3153
342,1,1,342_1_2024-08-19,2,0,0,0,0,0,1,1,1347
342,1,1,342_1_2024-08-19,3,1,0,0,1,0,0,0,3003
342,1,1,342_1_2024-08-19,4,0,0,0,0,0,1,1,3529
342,1,1,342_1_2024-08-19,5,1,1,1,0,0,0,1,1676
342,1,1,342_1_2024-08-19,6,1,1,1,0,0,0,1,4364
342,1,1,342_1_2024-08-19,7,1,1,1,0,0,0,1,2256
342,1,1,342_1_2024-08-19,8,0,0,0,0,0,1,1,2179
342,1,1,342_1_2024-08-19,9,1,1,1,0,0,0,1,1716
342,1,1,342_1_2024-08-19,10,0,0,0,0,0,1,1,1433
342,2,2,342_2_2024-08-19,1,1,1,1,0,0,0,1,2718
342,2,2,342_2_2024-08-19,2,0,0,0,0,0,1,1,1560
342,2,2,342_2_2024-08-19,3,0,0,0,0,0,1,1,1834
342,2,2,342_2_2024-08-19,4,0,0,0,0,0,1,1,2396
342,2,2,342_2_2024-08-19,5,0,0,0,0,0,1,1,2046
342,2,2,342_2_2024-08-19,6,1,0,0,1,0,0,0,2205
342,2,2,342_2_2024-08-19,7,0,0,0,0,0,1,1,3639
342,2,2,342_2_2024-08-19,8,1,0,0,1,0,0,0,1251
342,2,2,342_2_2024-08-19,9,1,1,1,0,0,0,1,1776
342,2,2,342_2_2024-08-19,10,1,0,0,1,0,0,0,1807
342,3,3,342_3_2024-08-19,1,1,1,1,0,0,0,1,2135
342,3,3,342_3_2024-08-19,2,0,0,0,0,0,1,1,1216
342,3,3,342_3_2024-08-19,3,0,0,0,0,0,1,1,2112
342,3,3,342_3_2024-08-19,4,0,0,0,0,0,1,1,1658
342,3,3,342_3_2024-08-19,5,1,0,0,1,0,0,0,1750
342,3,3,342_3_2024-08-19,6,1,0,0,1,0,0,0,1463
342,3,3,342_3_2024-08-19,7,1,0,0,1,0,0,0,2518
342,3,3,342_3_2024-08-19,8,0,0,0,0,0,1,1,1470
342,3,3,342_3_2024-08-19,9,1,1,1,0,0,0,1,1659
342,3,3,342_3_2024-08-19,10,0,0,0,0,0,1,1,1493
343,1,1,343_1_2024-08-29,1,0,0,0,0,0,1,1,1603
343,1,1,343_1_2024-08-29,2,0,1,0,0,1,0,0,2101
343,1,1,343_1_2024-08-29,3,1,0,0,1,0,0,0,1532
343,1,1,343_1_2024-08-29,4,0,0,0,0,0,1,1,1678
343,1,1,343_1_2024-08-29,5,1,1,1,0,0,0,1,1602
343,1,1,343_1_2024-08-29,6,1,1,1,0,0,0,1,2789
343,1,1,343_1_2024-08-29,7,0,0,0,0,0,1,1,2525
343,1,1,343_1_2024-08-29,8,1,0,0,1,0,0,0,2129
343,1,1,343_1_2024-08-29,9,0,0,0,0,0,1,1,1756
343,1,1,343_1_2024-08-29,10,1,0,0,1,0,0,0,1779
343,2,2,343_2_2024-08-29,1,1,0,0,1,0,0,0,3554
343,2,2,343_2_2024-08-29,2,1,0,0,1,0,0,0,1682
343,2,2,343_2_2024-08-29,3,0,0,0,0,0,1,1,2200
343,2,2,343_2_2024-08-29,4,0,0,0,0,0,1,1,2039
343,2,2,343_2_2024-08-29,5,0,1,0,0,1,0,0,2024
343,2,2,343_2_2024-08-29,6,1,1,1,0,0,0,1,2248
343,2,2,343_2_2024-08-29,7,1,0,0,1,0,0,0,1650
343,2,2,343_2_2024-08-29,8,0,0,0,0,0,1,1,1468
343,2,2,343_2_2024-08-29,9,0,0,0,0,0,1,1,1582
343,2,2,343_2_2024-08-29,10,1,1,1,0,0,0,1,1850
343,3,3,343_3_2024-08-29,1,1,1,1,0,0,0,1,3184
343,3,3,343_3_2024-08-29,2,1,1,1,0,0,0,1,2027
343,3,3,343_3_2024-08-29,3,0,0,0,0,0,1,1,1695
343,3,3,343_3_2024-08-29,4,1,0,0,1,0,0,0,1770
343,3,3,343_3_2024-08-29,5,1,1,1,0,0,0,1,2802
343,3,3,343_3_2024-08-29,6,0,0,0,0,0,1,1,1665
343,3,3,343_3_2024-08-29,7,1,0,0,1,0,0,0,1698
343,3,3,343_3_2024-08-29,8,0,0,0,0,0,1,1,2469
343,3,3,343_3_2024-08-29,9,0,0,0,0,0,1,1,1813
343,3,3,343_3_2024-08-29,10,0,0,0,0,0,1,1,2017
346,1,1,346_1_2024-09-19,1,1,1,1,0,0,0,1,1371
346,1,1,346_1_2024-09-19,2,0,0,0,0,0,1,1,1532
346,1,1,346_1_2024-09-19,3,0,0,0,0,0,1,1,1946
346,1,1,346_1_2024-09-19,4,1,1,1,0,0,0,1,1564
346,1,1,346_1_2024-09-19,5,1,0,0,1,0,0,0,1926
346,1,1,346_1_2024-09-19,6,0,0,0,0,0,1,1,1349
346,1,1,346_1_2024-09-19,7,1,1,1,0,0,0,1,2129
346,1,1,346_1_2024-09-19,8,0,0,0,0,0,1,1,1426
346,1,1,346_1_2024-09-19,9,0,0,0,0,0,1,1,1519
346,1,1,346_1_2024-09-19,10,1,0,0,1,0,0,0,1149
346,2,2,346_2_2024-09-19,1,1,0,0,1,0,0,0,1386
346,2,2,346_2_2024-09-19,2,0,0,0,0,0,1,1,1465
346,2,2,346_2_2024-09-19,3,0,0,0,0,0,1,1,1575
346,2,2,346_2_2024-09-19,4,0,0,0,0,0,1,1,1327
346,2,2,346_2_2024-09-19,5,1,1,1,0,0,0,1,1559
346,2,2,346_2_2024-09-19,6,0,0,0,0,0,1,1,1148
346,2,2,346_2_2024-09-19,7,1,1,1,0,0,0,1,1678
346,2,2,346_2_2024-09-19,8,1,0,0,1,0,0,0,1309
346,2,2,346_2_2024-09-19,9,1,0,0,1,0,0,0,1428
346,2,2,346_2_2024-09-19,10,0,0,0,0,0,1,1,1685
346,3,3,346_3_2024-09-19,1,1,1,1,0,0,0,1,3006
346,3,3,346_3_2024-09-19,2,1,1,1,0,0,0,1,1246
346,3,3,346_3_2024-09-19,3,0,0,0,0,0,1,1,1911
346,3,3,346_3_2024-09-19,4,0,0,0,0,0,1,1,2053
346,3,3,346_3_2024-09-19,5,0,0,0,0,0,1,1,1263
346,3,3,346_3_2024-09-19,6,0,0,0,0,0,1,1,1228
346,3,3,346_3_2024-09-19,7,1,1,1,0,0,0,1,1281
346,3,3,346_3_2024-09-19,8,1,1,1,0,0,0,1,1291
346,3,3,346_3_2024-09-19,9,1,0,0,1,0,0,0,1542
346,3,3,346_3_2024-09-19,10,0,0,0,0,0,1,1,2721
347,1,1,347_1_2024-09-23,1,1,1,1,0,0,0,1,3095
347,1,1,347_1_2024-09-23,2,0,0,0,0,0,1,1,2016
347,1,1,347_1_2024-09-23,3,1,1,1,0,0,0,1,2017
347,1,1,347_1_2024-09-23,4,1,1,1,0,0,0,1,2401
347,1,1,347_1_2024-09-23,5,1,1,1,0,0,0,1,2401
347,1,1,347_1_2024-09-23,6,0,0,0,0,0,1,1,1617
347,1,1,347_1_2024-09-23,7,0,0,0,0,0,1,1,1865
347,1,1,347_1_2024-09-23,8,1,0,0,1,0,0,0,1789
347,1,1,347_1_2024-09-23,9,0,0,0,0,0,1,1,2133
347,1,1,347_1_2024-09-23,10,0,0,0,0,0,1,1,1844
347,2,2,347_2_2024-09-23,1,0,0,0,0,0,1,1,1545
347,2,2,347_2_2024-09-23,2,0,0,0,0,0,1,1,1550
347,2,2,347_2_2024-09-23,3,1,0,0,1,0,0,0,3169
347,2,2,347_2_2024-09-23,4,0,1,0,0,1,0,0,3176
347,2,2,347_2_2024-09-23,5,0,0,0,0,0,1,1,1602
347,2,2,347_2_2024-09-23,6,1,0,0,1,0,0,0,1376
347,2,2,347_2_2024-09-23,7,0,0,0,0,0,1,1,1393
347,2,2,347_2_2024-09-23,8,1,0,0,1,0,0,0,1081
347,2,2,347_2_2024-09-23,9,1,1,1,0,0,0,1,2583
347,2,2,347_2_2024-09-23,10,1,0,0,1,0,0,0,1813
347,3,3,347_3_2024-09-23,1,0,0,0,0,0,1,1,2102
347,3,3,347_3_2024-09-23,2,0,0,0,0,0,1,1,1238
347,3,3,347_3_2024-09-23,3,0,0,0,0,0,1,1,1326
347,3,3,347_3_2024-09-23,4,1,1,1,0,0,0,1,1516
347,3,3,347_3_2024-09-23,5,1,0,0,1,0,0,0,1479
347,3,3,347_3_2024-09-23,6,0,0,0,0,0,1,1,1767
347,3,3,347_3_2024-09-23,7,1,0,0,1,0,0,0,2718
347,3,3,347_3_2024-09-23,8,1,0,0,1,0,0,0,1625
347,3,3,347_3_2024-09-23,9,1,0,0,1,0,0,0,1834
347,3,3,347_3_2024-09-23,10,0,0,0,0,0,1,1,4052
348,1,1,348_1_2024-10-01,1,1,0,0,1,0,0,0,2718
348,1,1,348_1_2024-10-01,2,1,0,0,1,0,0,0,1615
348,1,1,348_1_2024-10-01,3,1,0,0,1,0,0,0,1517
348,1,1,348_1_2024-10-01,4,0,0,0,0,0,1,1,1988
348,1,1,348_1_2024-10-01,5,0,0,0,0,0,1,1,1435
348,1,1,348_1_2024-10-01,6,1,1,1,0,0,0,1,1713
348,1,1,348_1_2024-10-01,7,0,0,0,0,0,1,1,2967
348,1,1,348_1_2024-10-01,8,0,0,0,0,0,1,1,1433
348,1,1,348_1_2024-10-01,9,1,1,1,0,0,0,1,1317
348,1,1,348_1_2024-10-01,10,0,0,0,0,0,1,1,1567
348,2,2,348_2_2024-10-01,1,1,1,1,0,0,0,1,1797
348,2,2,348_2_2024-10-01,2,1,1,1,0,0,0,1,1801
348,2,2,348_2_2024-10-01,3,1,1,1,0,0,0,1,2254
348,2,2,348_2_2024-10-01,4,0,0,0,0,0,1,1,1602
348,2,2,348_2_2024-10-01,5,0,0,0,0,0,1,1,1417
348,2,2,348_2_2024-10-01,6,0,0,0,0,0,1,1,1904
348,2,2,348_2_2024-10-01,7,1,1,1,0,0,0,1,1352
348,2,2,348_2_2024-10-01,8,1,1,1,0,0,0,1,1505
348,2,2,348_2_2024-10-01,9,0,0,0,0,0,1,1,1483
348,2,2,348_2_2024-10-01,10,0,0,0,0,0,1,1,1762
348,3,3,348_3_2024-10-01,1,1,1,1,0,0,0,1,1411
348,3,3,348_3_2024-10-01,2,0,0,0,0,0,1,1,1236
348,3,3,348_3_2024-10-01,3,0,0,0,0,0,1,1,1369
348,3,3,348_3_2024-10-01,4,0,0,0,0,0,1,1,2057
348,3,3,348_3_2024-10-01,5,1,1,1,0,0,0,1,1236
348,3,3,348_3_2024-10-01,6,1,1,1,0,0,0,1,1118
348,3,3,348_3_2024-10-01,7,1,1,1,0,0,0,1,1000
348,3,3,348_3_2024-10-01,8,1,1,1,0,0,0,1,1049
348,3,3,348_3_2024-10-01,9,0,0,0,0,0,1,1,1418
348,3,3,348_3_2024-10-01,10,0,0,0,0,0,1,1,1368
349,1,1,349_1_2024-09-24,1,1,1,1,0,0,0,1,2468
349,1,1,349_1_2024-09-24,2,1,1,1,0,0,0,1,2701
349,1,1,349_1_2024-09-24,3,0,0,0,0,0,1,1,1465
349,1,1,349_1_2024-09-24,4,1,1,1,0,0,0,1,2583
349,1,1,349_1_2024-09-24,5,0,0,0,0,0,1,1,1058
349,1,1,349_1_2024-09-24,6,1,0,0,1,0,0,0,1004
349,1,1,349_1_2024-09-24,7,0,0,0,0,0,1,1,1850
349,1,1,349_1_2024-09-24,8,0,0,0,0,0,1,1,1859
349,1,1,349_1_2024-09-24,9,0,0,0,0,0,1,1,2187
349,1,1,349_1_2024-09-24,10,1,1,1,0,0,0,1,1282
349,2,2,349_2_2024-09-24,1,1,1,1,0,0,0,1,1385
349,2,2,349_2_2024-09-24,2,1,1,1,0,0,0,1,1250
349,2,2,349_2_2024-09-24,3,0,0,0,0,0,1,1,1114
349,2,2,349_2_2024-09-24,4,1,1,1,0,0,0,1,1228
349,2,2,349_2_2024-09-24,5,1,1,1,0,0,0,1,1768
349,2,2,349_2_2024-09-24,6,0,0,0,0,0,1,1,2531
349,2,2,349_2_2024-09-24,7,0,0,0,0,0,1,1,1344
349,2,2,349_2_2024-09-24,8,0,0,0,0,0,1,1,2150
349,2,2,349_2_2024-09-24,9,0,0,0,0,0,1,1,1286
349,2,2,349_2_2024-09-24,10,1,1,1,0,0,0,1,1281
349,3,3,349_3_2024-09-24,1,0,0,0,0,0,1,1,1867
349,3,3,349_3_2024-09-24,2,0,0,0,0,0,1,1,1703
349,3,3,349_3_2024-09-24,3,1,0,0,1,0,0,0,1763
349,3,3,349_3_2024-09-24,4,1,1,1,0,0,0,1,2071
349,3,3,349_3_2024-09-24,5,1,1,1,0,0,0,1,1816
349,3,3,349_3_2024-09-24,6,1,1,1,0,0,0,1,1849
349,3,3,349_3_2024-09-24,7,0,0,0,0,0,1,1,1848
349,3,3,349_3_2024-09-24,8,0,0,0,0,0,1,1,1704
349,3,3,349_3_2024-09-24,9,0,0,0,0,0,1,1,3102
349,3,3,349_3_2024-09-24,10,1,0,0,1,0,0,0,2403
351,2,1,351_2_2024-09-26,1,1,1,1,0,0,0,1,1729
351,2,1,351_2_2024-09-26,2,0,0,0,0,0,1,1,2334
351,2,1,351_2_2024-09-26,3,1,0,0,1,0,0,0,3471
351,2,1,351_2_2024-09-26,4,0,0,0,0,0,1,1,1967
351,2,1,351_2_2024-09-26,5,0,0,0,0,0,1,1,3924
351,2,1,351_2_2024-09-26,6,1,1,1,0,0,0,1,1542
351,2,1,351_2_2024-09-26,7,0,0,0,0,0,1,1,3108
351,2,1,351_2_2024-09-26,8,1,1,1,0,0,0,1,2486
351,2,1,351_2_2024-09-26,9,1,0,0,1,0,0,0,2297
351,2,1,351_2_2024-09-26,10,0,1,0,0,1,0,0,3198
351,3,2,351_3_2024-09-26,1,1,1,1,0,0,0,1,2100
351,3,2,351_3_2024-09-26,2,1,1,1,0,0,0,1,2582
351,3,2,351_3_2024-09-26,3,0,0,0,0,0,1,1,2504
351,3,2,351_3_2024-09-26,4,1,1,1,0,0,0,1,2895
351,3,2,351_3_2024-09-26,5,0,0,0,0,0,1,1,1915
351,3,2,351_3_2024-09-26,6,0,0,0,0,0,1,1,4028
351,3,2,351_3_2024-09-26,7,0,0,0,0,0,1,1,1663
351,3,2,351_3_2024-09-26,8,1,1,1,0,0,0,1,3831
351,3,2,351_3_2024-09-26,9,1,1,1,0,0,0,1,2229
351,3,2,351_3_2024-09-26,10,0,0,0,0,0,1,1,1765
351,4,3,351_4_2024-09-26,1,0,0,0,0,0,1,1,2434
351,4,3,351_4_2024-09-26,2,1,1,1,0,0,0,1,1741
351,4,3,351_4_2024-09-26,3,0,0,0,0,0,1,1,1536
351,4,3,351_4_2024-09-26,4,1,0,0,1,0,0,0,2635
351,4,3,351_4_2024-09-26,5,0,0,0,0,0,1,1,3569
351,4,3,351_4_2024-09-26,6,1,1,1,0,0,0,1,1145
351,4,3,351_4_2024-09-26,7,0,0,0,0,0,1,1,1737
351,4,3,351_4_2024-09-26,8,1,1,1,0,0,0,1,3270
351,4,3,351_4_2024-09-26,9,1,1,1,0,0,0,1,1983
351,4,3,351_4_2024-09-26,10,0,0,0,0,0,1,1,2685
352,1,1,352_1_2024-11-21,1,0,0,0,0,0,1,1,1604
352,1,1,352_1_2024-11-21,2,1,1,1,0,0,0,1,1416
352,1,1,352_1_2024-11-21,3,0,0,0,0,0,1,1,1751
352,1,1,352_1_2024-11-21,4,1,1,1,0,0,0,1,1734
352,1,1,352_1_2024-11-21,5,0,0,0,0,0,1,1,1487
352,1,1,352_1_2024-11-21,6,0,0,0,0,0,1,1,1850
352,1,1,352_1_2024-11-21,7,1,0,0,1,0,0,0,1582
352,1,1,352_1_2024-11-21,8,1,1,1,0,0,0,1,1981
352,1,1,352_1_2024-11-21,9,0,0,0,0,0,1,1,1985
352,1,1,352_1_2024-11-21,10,1,1,1,0,0,0,1,1817
352,2,2,352_2_2024-11-21,1,0,0,0,0,0,1,1,1353
352,2,2,352_2_2024-11-21,2,0,0,0,0,0,1,1,1750
352,2,2,352_2_2024-11-21,3,1,1,1,0,0,0,1,1300
352,2,2,352_2_2024-11-21,4,0,0,0,0,0,1,1,1284
352,2,2,352_2_2024-11-21,5,1,1,1,0,0,0,1,1084
352,2,2,352_2_2024-11-21,6,1,1,1,0,0,0,1,1834
352,2,2,352_2_2024-11-21,7,0,0,0,0,0,1,1,1767
352,2,2,352_2_2024-11-21,8,0,0,0,0,0,1,1,1933
352,2,2,352_2_2024-11-21,9,1,1,1,0,0,0,1,1550
352,2,2,352_2_2024-11-21,10,1,1,1,0,0,0,1,1749
352,3,3,352_3_2024-11-21,1,1,1,1,0,0,0,1,1385
352,3,3,352_3_2024-11-21,2,0,0,0,0,0,1,1,1817
352,3,3,352_3_2024-11-21,3,1,1,1,0,0,0,1,1750
352,3,3,352_3_2024-11-21,4,1,1,1,0,0,0,1,1269
352,3,3,352_3_2024-11-21,5,0,0,0,0,0,1,1,1985
352,3,3,352_3_2024-11-21,6,0,0,0,0,0,1,1,1468
352,3,3,352_3_2024-11-21,7,0,0,0,0,0,1,1,1817
352,3,3,352_3_2024-11-21,8,1,0,0,1,0,0,0,2416
352,3,3,352_3_2024-11-21,9,1,1,1,0,0,0,1,1582
352,3,3,352_3_2024-11-21,10,0,0,0,0,0,1,1,1797
353,2,1,353_2_2024-10-21,1,1,1,1,0,0,0,1,2108
353,2,1,353_2_2024-10-21,2,1,0,0,1,0,0,0,1338
353,2,1,353_2_2024-10-21,3,1,0,0,1,0,0,0,2235
353,2,1,353_2_2024-10-21,4,0,0,0,0,0,1,1,1711
353,2,1,353_2_2024-10-21,5,1,1,1,0,0,0,1,1299
353,2,1,353_2_2024-10-21,6,0,0,0,0,0,1,1,1967
353,2,1,353_2_2024-10-21,7,1,1,1,0,0,0,1,1192
353,2,1,353_2_2024-10-21,8,0,0,0,0,0,1,1,1826
353,2,1,353_2_2024-10-21,9,0,0,0,0,0,1,1,1472
353,2,1,353_2_2024-10-21,10,0,0,0,0,0,1,1,1492
353,3,2,353_3_2024-10-21,1,1,0,0,1,0,0,0,2487
353,3,2,353_3_2024-10-21,2,1,0,0,1,0,0,0,2640
353,3,2,353_3_2024-10-21,3,0,0,0,0,0,1,1,1884
353,3,2,353_3_2024-10-21,4,1,0,0,1,0,0,0,4291
353,3,2,353_3_2024-10-21,5,1,1,1,0,0,0,1,1183
353,3,2,353_3_2024-10-21,6,0,0,0,0,0,1,1,1488
353,3,2,353_3_2024-10-21,7,0,0,0,0,0,1,1,1230
353,3,2,353_3_2024-10-21,8,0,0,0,0,0,1,1,1607
353,3,2,353_3_2024-10-21,9,1,1,1,0,0,0,1,2603
353,3,2,353_3_2024-10-21,10,0,0,0,0,0,1,1,1134
353,4,3,353_4_2024-10-21,1,1,0,0,1,0,0,0,3333
353,4,3,353_4_2024-10-21,2,0,0,0,0,0,1,1,1841
353,4,3,353_4_2024-10-21,3,0,1,0,0,1,0,0,1702
353,4,3,353_4_2024-10-21,4,1,1,1,0,0,0,1,1541
353,4,3,353_4_2024-10-21,5,0,0,0,0,0,1,1,1199
353,4,3,353_4_2024-10-21,6,1,0,0,1,0,0,0,3986
353,4,3,353_4_2024-10-21,7,1,0,0,1,0,0,0,1593
353,4,3,353_4_2024-10-21,8,0,0,0,0,0,1,1,2213
353,4,3,353_4_2024-10-21,9,0,0,0,0,0,1,1,1954
353,4,3,353_4_2024-10-21,10,1,0,0,1,0,0,0,2004
354,1,1,354_1_2024-10-29,1,1,0,0,1,0,0,0,3150
354,1,1,354_1_2024-10-29,2,0,0,0,0,0,1,1,3444
354,1,1,354_1_2024-10-29,3,0,0,0,0,0,1,1,3094
354,1,1,354_1_2024-10-29,4,1,1,1,0,0,0,1,2541
354,1,1,354_1_2024-10-29,5,0,0,0,0,0,1,1,2754
354,1,1,354_1_2024-10-29,6,1,1,1,0,0,0,1,2402
354,1,1,354_1_2024-10-29,7,0,0,0,0,0,1,1,2273
354,1,1,354_1_2024-10-29,8,1,1,1,0,0,0,1,1886
354,1,1,354_1_2024-10-29,9,1,1,1,0,0,0,1,2829
354,1,1,354_1_2024-10-29,10,0,0,0,0,0,1,1,3142
354,2,2,354_2_2024-10-29,1,0,0,0,0,0,1,1,2684
354,2,2,354_2_2024-10-29,2,1,1,1,0,0,0,1,1726
354,2,2,354_2_2024-10-29,3,0,0,0,0,0,1,1,1984
354,2,2,354_2_2024-10-29,4,0,1,0,0,1,0,0,2720
354,2,2,354_2_2024-10-29,5,1,0,0,1,0,0,0,3401
354,2,2,354_2_2024-10-29,6,1,1,1,0,0,0,1,1948
354,2,2,354_2_2024-10-29,7,0,1,0,0,1,0,0,2554
354,2,2,354_2_2024-10-29,8,0,0,0,0,0,1,1,2226
354,2,2,354_2_2024-10-29,9,1,1,1,0,0,0,1,1680
354,2,2,354_2_2024-10-29,10,1,1,1,0,0,0,1,2034
354,3,3,354_3_2024-10-29,1,1,1,1,0,0,0,1,2329
354,3,3,354_3_2024-10-29,2,0,0,0,0,0,1,1,1779
354,3,3,354_3_2024-10-29,3,1,1,1,0,0,0,1,2041
354,3,3,354_3_2024-10-29,4,1,1,1,0,0,0,1,2175
354,3,3,354_3_2024-10-29,5,1,1,1,0,0,0,1,2050
354,3,3,354_3_2024-10-29,6,0,0,0,0,0,1,1,3071
354,3,3,354_3_2024-10-29,7,0,0,0,0,0,1,1,4166
354,3,3,354_3_2024-10-29,8,0,0,0,0,0,1,1,2042
354,3,3,354_3_2024-10-29,9,0,0,0,0,0,1,1,2004
354,3,3,354_3_2024-10-29,10,1,1,1,0,0,0,1,2536
355,1,1,355_1_2024-11-07,1,1,0,0,1,0,0,0,1902
355,1,1,355_1_2024-11-07,2,1,1,1,0,0,0,1,1448
355,1,1,355_1_2024-11-07,3,0,1,0,0,1,0,0,2704
355,1,1,355_1_2024-11-07,4,1,0,0,1,0,0,0,2967
355,1,1,355_1_2024-11-07,5,0,0,0,0,0,1,1,2209
355,1,1,355_1_2024-11-07,6,0,0,0,0,0,1,1,1684
355,1,1,355_1_2024-11-07,7,1,0,0,1,0,0,0,1818
355,1,1,355_1_2024-11-07,8,0,0,0,0,0,1,1,1617
355,1,1,355_1_2024-11-07,9,1,0,0,1,0,0,0,2618
355,1,1,355_1_2024-11-07,10,0,0,0,0,0,1,1,2981
355,2,2,355_2_2024-11-07,1,0,1,0,0,1,0,0,1331
355,2,2,355_2_2024-11-07,2,0,0,0,0,0,1,1,1969
355,2,2,355_2_2024-11-07,3,0,0,0,0,0,1,1,3422
355,2,2,355_2_2024-11-07,4,1,1,1,0,0,0,1,1367
355,2,2,355_2_2024-11-07,5,0,0,0,0,0,1,1,1645
355,2,2,355_2_2024-11-07,6,1,1,1,0,0,0,1,1134
355,2,2,355_2_2024-11-07,7,1,1,1,0,0,0,1,2174
355,2,2,355_2_2024-11-07,8,0,0,0,0,0,1,1,1419
355,2,2,355_2_2024-11-07,9,1,1,1,0,0,0,1,1352
355,2,2,355_2_2024-11-07,10,1,1,1,0,0,0,1,1150
355,3,3,355_3_2024-11-07,1,1,1,1,0,0,0,1,1243
355,3,3,355_3_2024-11-07,2,1,1,1,0,0,0,1,901
355,3,3,355_3_2024-11-07,3,0,0,0,0,0,1,1,1658
355,3,3,355_3_2024-11-07,4,1,1,1,0,0,0,1,1154
355,3,3,355_3_2024-11-07,5,0,0,0,0,0,1,1,1948
355,3,3,355_3_2024-11-07,6,0,0,0,0,0,1,1,1475
355,3,3,355_3_2024-11-07,7,1,1,1,0,0,0,1,2841
355,3,3,355_3_2024-11-07,8,1,0,0,1,0,0,0,2136
355,3,3,355_3_2024-11-07,9,0,0,0,0,0,1,1,2203
355,3,3,355_3_2024-11-07,10,0,0,0,0,0,1,1,1353
356,1,1,356_1_2024-11-26,1,1,1,1,0,0,0,1,1946
356,1,1,356_1_2024-11-26,2,0,0,0,0,0,1,1,1850
356,1,1,356_1_2024-11-26,3,1,0,0,1,0,0,0,3034
356,1,1,356_1_2024-11-26,4,0,0,0,0,0,1,1,1753
356,1,1,356_1_2024-11-26,5,1,1,1,0,0,0,1,1667
356,1,1,356_1_2024-11-26,6,0,1,0,0,1,0,0,2352
356,1,1,356_1_2024-11-26,7,0,0,0,0,0,1,1,2867
356,1,1,356_1_2024-11-26,8,1,1,1,0,0,0,1,2967
356,1,1,356_1_2024-11-26,9,0,0,0,0,0,1,1,1801
356,1,1,356_1_2024-11-26,10,1,1,1,0,0,0,1,1853
356,2,2,356_2_2024-11-26,1,0,0,0,0,0,1,1,2201
356,2,2,356_2_2024-11-26,2,0,0,0,0,0,1,1,1834
356,2,2,356_2_2024-11-26,3,1,1,1,0,0,0,1,1119
356,2,2,356_2_2024-11-26,4,1,1,1,0,0,0,1,2186
356,2,2,356_2_2024-11-26,5,1,1,1,0,0,0,1,1117
356,2,2,356_2_2024-11-26,6,1,1,1,0,0,0,1,1143
356,2,2,356_2_2024-11-26,7,1,1,1,0,0,0,1,1152
356,2,2,356_2_2024-11-26,8,0,0,0,0,0,1,1,2651
356,2,2,356_2_2024-11-26,9,0,0,0,0,0,1,1,2148
356,2,2,356_2_2024-11-26,10,0,0,0,0,0,1,1,2134
356,3,3,356_3_2024-11-26,1,1,1,1,0,0,0,1,1669
356,3,3,356_3_2024-11-26,2,0,1,0,0,1,0,0,2119
356,3,3,356_3_2024-11-26,3,0,0,0,0,0,1,1,1733
356,3,3,356_3_2024-11-26,4,0,0,0,0,0,1,1,1938
356,3,3,356_3_2024-11-26,5,1,1,1,0,0,0,1,1953
356,3,3,356_3_2024-11-26,6,1,1,1,0,0,0,1,1643
356,3,3,356_3_2024-11-26,7,1,1,1,0,0,0,1,1585
356,3,3,356_3_2024-11-26,8,0,0,0,0,0,1,1,1701
356,3,3,356_3_2024-11-26,9,0,0,0,0,0,1,1,2016
356,3,3,356_3_2024-11-26,10,1,1,1,0,0,0,1,1835
357,1,1,357_1_2024-12-04,1,0,0,0,0,0,1,1,1989
357,1,1,357_1_2024-12-04,2,1,1,1,0,0,0,1,967
357,1,1,357_1_2024-12-04,3,1,0,0,1,0,0,0,1273
357,1,1,357_1_2024-12-04,4,0,0,0,0,0,1,1,1816
357,1,1,357_1_2024-12-04,5,1,1,1,0,0,0,1,1118
357,1,1,357_1_2024-12-04,6,1,0,0,1,0,0,0,1466
357,1,1,357_1_2024-12-04,7,0,0,0,0,0,1,1,2083
357,1,1,357_1_2024-12-04,8,1,1,1,0,0,0,1,1000
357,1,1,357_1_2024-12-04,9,0,1,0,0,1,0,0,3919
357,1,1,357_1_2024-12-04,10,0,0,0,0,0,1,1,1796
357,2,2,357_2_2024-12-04,1,1,1,1,0,0,0,1,1034
357,2,2,357_2_2024-12-04,2,0,0,0,0,0,1,1,1749
357,2,2,357_2_2024-12-04,3,1,1,1,0,0,0,1,921
357,2,2,357_2_2024-12-04,4,0,0,0,0,0,1,1,1398
357,2,2,357_2_2024-12-04,5,0,0,0,0,0,1,1,1317
357,2,2,357_2_2024-12-04,6,1,1,1,0,0,0,1,1535
357,2,2,357_2_2024-12-04,7,1,1,1,0,0,0,1,1173
357,2,2,357_2_2024-12-04,8,0,0,0,0,0,1,1,1136
357,2,2,357_2_2024-12-04,9,1,1,1,0,0,0,1,871
357,2,2,357_2_2024-12-04,10,0,0,0,0,0,1,1,1450
357,3,3,357_3_2024-12-04,1,0,0,0,0,0,1,1,1246
357,3,3,357_3_2024-12-04,2,0,1,0,0,1,0,0,1816
357,3,3,357_3_2024-12-04,3,0,0,0,0,0,1,1,1317
357,3,3,357_3_2024-12-04,4,0,0,0,0,0,1,1,1626
357,3,3,357_3_2024-12-04,5,1,0,0,1,0,0,0,1802
357,3,3,357_3_2024-12-04,6,1,1,1,0,0,0,1,1750
357,3,3,357_3_2024-12-04,7,1,1,1,0,0,0,1,2502
357,3,3,357_3_2024-12-04,8,0,0,0,0,0,1,1,1936
357,3,3,357_3_2024-12-04,9,1,1,1,0,0,0,1,2984
357,3,3,357_3_2024-12-04,10,1,1,1,0,0,0,1,4917
358,1,1,358_1_2024-12-09,1,1,1,1,0,0,0,1,3524
358,1,1,358_1_2024-12-09,2,1,1,1,0,0,0,1,3228
358,1,1,358_1_2024-12-09,3,1,0,0,1,0,0,0,2284
358,1,1,358_1_2024-12-09,4,0,0,0,0,0,1,1,2269
358,1,1,358_1_2024-12-09,5,0,0,0,0,0,1,1,2150
358,1,1,358_1_2024-12-09,6,0,0,0,0,0,1,1,2168
358,1,1,358_1_2024-12-09,7,0,0,0,0,0,1,1,1702
358,1,1,358_1_2024-12-09,8,1,1,1,0,0,0,1,1534
358,1,1,358_1_2024-12-09,9,0,0,0,0,0,1,1,2118
358,1,1,358_1_2024-12-09,10,1,1,1,0,0,0,1,2601
358,2,2,358_2_2024-12-09,1,1,1,1,0,0,0,1,1553
358,2,2,358_2_2024-12-09,2,0,0,0,0,0,1,1,2000
358,2,2,358_2_2024-12-09,3,0,0,0,0,0,1,1,1466
358,2,2,358_2_2024-12-09,4,0,0,0,0,0,1,1,2009
358,2,2,358_2_2024-12-09,5,0,0,0,0,0,1,1,1520
358,2,2,358_2_2024-12-09,6,1,0,0,1,0,0,0,2220
358,2,2,358_2_2024-12-09,7,1,1,1,0,0,0,1,2201
358,2,2,358_2_2024-12-09,8,1,1,1,0,0,0,1,1336
358,2,2,358_2_2024-12-09,9,0,0,0,0,0,1,1,1367
358,2,2,358_2_2024-12-09,10,1,0,0,1,0,0,0,1576
358,3,3,358_3_2024-12-09,1,1,1,1,0,0,0,1,1620
358,3,3,358_3_2024-12-09,2,1,0,0,1,0,0,0,1705
358,3,3,358_3_2024-12-09,3,0,0,0,0,0,1,1,1439
358,3,3,358_3_2024-12-09,4,1,1,1,0,0,0,1,1248
358,3,3,358_3_2024-12-09,5,0,1,0,0,1,0,0,1584
358,3,3,358_3_2024-12-09,6,1,1,1,0,0,0,1,3183
358,3,3,358_3_2024-12-09,7,0,0,0,0,0,1,1,1420
358,3,3,358_3_2024-12-09,8,0,0,0,0,0,1,1,1230
358,3,3,358_3_2024-12-09,9,1,1,1,0,0,0,1,3535
358,3,3,358_3_2024-12-09,10,0,0,0,0,0,1,1,1849
359,1,1,359_1_2024-12-12,1,1,1,1,0,0,0,1,1926
359,1,1,359_1_2024-12-12,2,0,0,0,0,0,1,1,2034
359,1,1,359_1_2024-12-12,3,0,0,0,0,0,1,1,1776
359,1,1,359_1_2024-12-12,4,1,1,1,0,0,0,1,1117
359,1,1,359_1_2024-12-12,5,1,1,1,0,0,0,1,1302
359,1,1,359_1_2024-12-12,6,0,0,0,0,0,1,1,1500
359,1,1,359_1_2024-12-12,7,1,0,0,1,0,0,0,2324
359,1,1,359_1_2024-12-12,8,0,0,0,0,0,1,1,2183
359,1,1,359_1_2024-12-12,9,1,1,1,0,0,0,1,2046
359,1,1,359_1_2024-12-12,10,0,0,0,0,0,1,1,1387
359,2,2,359_2_2024-12-12,1,0,0,0,0,0,1,1,2235
359,2,2,359_2_2024-12-12,2,1,0,0,1,0,0,0,2406
359,2,2,359_2_2024-12-12,3,0,0,0,0,0,1,1,1774
359,2,2,359_2_2024-12-12,4,1,1,1,0,0,0,1,1280
359,2,2,359_2_2024-12-12,5,0,0,0,0,0,1,1,2950
359,2,2,359_2_2024-12-12,6,1,1,1,0,0,0,1,1615
359,2,2,359_2_2024-12-12,7,0,0,0,0,0,1,1,3771
359,2,2,359_2_2024-12-12,8,1,0,0,1,0,0,0,1727
359,2,2,359_2_2024-12-12,9,1,0,0,1,0,0,0,2235
359,2,2,359_2_2024-12-12,10,0,0,0,0,0,1,1,2017
359,3,3,359_3_2024-12-12,1,0,0,0,0,0,1,1,2011
359,3,3,359_3_2024-12-12,2,0,0,0,0,0,1,1,1920
359,3,3,359_3_2024-12-12,3,0,0,0,0,0,1,1,1682
359,3,3,359_3_2024-12-12,4,1,0,0,1,0,0,0,1749
359,3,3,359_3_2024-12-12,5,1,1,1,0,0,0,1,1663
359,3,3,359_3_2024-12-12,6,0,0,0,0,0,1,1,2078
359,3,3,359_3_2024-12-12,7,0,0,0,0,0,1,1,1786
359,3,3,359_3_2024-12-12,8,1,0,0,1,0,0,0,1784
359,3,3,359_3_2024-12-12,9,1,0,0,1,0,0,0,3014
359,3,3,359_3_2024-12-12,10,1,1,1,0,0,0,1,3403
360,1,1,360_1_2025-01-15,1,1,0,0,1,0,0,0,4719
360,1,1,360_1_2025-01-15,2,0,1,0,0,1,0,0,3918
360,1,1,360_1_2025-01-15,3,1,0,0,1,0,0,0,2482
360,1,1,360_1_2025-01-15,4,0,0,0,0,0,1,1,2084
360,1,1,360_1_2025-01-15,5,0,1,0,0,1,0,0,1102
360,1,1,360_1_2025-01-15,6,1,1,1,0,0,0,1,1069
360,1,1,360_1_2025-01-15,7,0,0,0,0,0,1,1,1553
360,1,1,360_1_2025-01-15,8,1,1,1,0,0,0,1,1113
360,1,1,360_1_2025-01-15,9,0,0,0,0,0,1,1,2022
360,1,1,360_1_2025-01-15,10,1,1,1,0,0,0,1,961
360,2,2,360_2_2025-01-15,1,0,1,0,0,1,0,0,2298
360,2,2,360_2_2025-01-15,2,0,0,0,0,0,1,1,1734
360,2,2,360_2_2025-01-15,3,1,1,1,0,0,0,1,1069
360,2,2,360_2_2025-01-15,4,1,0,0,1,0,0,0,1554
360,2,2,360_2_2025-01-15,5,1,1,1,0,0,0,1,2290
360,2,2,360_2_2025-01-15,6,1,1,1,0,0,0,1,3686
360,2,2,360_2_2025-01-15,7,0,1,0,0,1,0,0,4522
360,2,2,360_2_2025-01-15,8,0,0,0,0,0,1,1,1216
360,2,2,360_2_2025-01-15,9,1,0,0,1,0,0,0,1449
360,2,2,360_2_2025-01-15,10,0,0,0,0,0,1,1,2479
360,3,3,360_3_2025-01-15,1,1,0,0,1,0,0,0,1621
360,3,3,360_3_2025-01-15,2,0,0,0,0,0,1,1,2177
360,3,3,360_3_2025-01-15,3,0,1,0,0,1,0,0,1895
360,3,3,360_3_2025-01-15,4,1,1,1,0,0,0,1,978
360,3,3,360_3_2025-01-15,5,1,1,1,0,0,0,1,1069
360,3,3,360_3_2025-01-15,6,1,1,1,0,0,0,1,966
360,3,3,360_3_2025-01-15,7,0,0,0,0,0,1,1,2801
360,3,3,360_3_2025-01-15,8,0,0,0,0,0,1,1,1998
360,3,3,360_3_2025-01-15,9,1,1,1,0,0,0,1,2257
360,3,3,360_3_2025-01-15,10,0,0,0,0,0,1,1,1650
361,1,1,361_1_2025-01-31,1,1,1,1,0,0,0,1,14337
361,1,1,361_1_2025-01-31,2,0,0,0,0,0,1,1,2177
361,1,1,361_1_2025-01-31,3,0,0,0,0,0,1,1,1717
361,1,1,361_1_2025-01-31,4,1,0,0,1,0,0,0,3186
361,1,1,361_1_2025-01-31,5,1,0,0,1,0,0,0,2674
361,1,1,361_1_2025-01-31,6,0,1,0,0,1,0,0,3099
361,1,1,361_1_2025-01-31,7,1,1,1,0,0,0,1,2385
361,1,1,361_1_2025-01-31,8,0,0,0,0,0,1,1,2632
361,1,1,361_1_2025-01-31,9,1,0,0,1,0,0,0,1931
361,1,1,361_1_2025-01-31,10,0,0,0,0,0,1,1,2930
361,2,2,361_2_2025-01-31,1,0,0,0,0,0,1,1,1850
361,2,2,361_2_2025-01-31,2,0,0,0,0,0,1,1,1880
361,2,2,361_2_2025-01-31,3,0,0,0,0,0,1,1,1552
361,2,2,361_2_2025-01-31,4,1,1,1,0,0,0,1,2348
361,2,2,361_2_2025-01-31,5,0,0,0,0,0,1,1,1817
361,2,2,361_2_2025-01-31,6,1,0,0,1,0,0,0,1853
361,2,2,361_2_2025-01-31,7,1,0,0,1,0,0,0,2151
361,2,2,361_2_2025-01-31,8,1,0,0,1,0,0,0,2934
361,2,2,361_2_2025-01-31,9,0,0,0,0,0,1,1,2663
361,2,2,361_2_2025-01-31,10,1,0,0,1,0,0,0,2118
361,3,3,361_3_2025-01-31,1,0,0,0,0,0,1,1,1683
361,3,3,361_3_2025-01-31,2,1,0,0,1,0,0,0,1734
361,3,3,361_3_2025-01-31,3,1,0,0,1,0,0,0,1863
361,3,3,361_3_2025-01-31,4,0,0,0,0,0,1,1,1841
361,3,3,361_3_2025-01-31,5,0,0,0,0,0,1,1,2676
361,3,3,361_3_2025-01-31,6,1,1,1,0,0,0,1,2450
361,3,3,361_3_2025-01-31,7,1,1,1,0,0,0,1,2167
361,3,3,361_3_2025-01-31,8,1,1,1,0,0,0,1,1333
361,3,3,361_3_2025-01-31,9,0,0,0,0,0,1,1,1750
361,3,3,361_3_2025-01-31,10,0,0,0,0,0,1,1,2031
362,1,1,362_1_2025-01-16,1,1,1,1,0,0,0,1,1899
362,1,1,362_1_2025-01-16,2,0,0,0,0,0,1,1,2318
362,1,1,362_1_2025-01-16,3,0,0,0,0,0,1,1,1834
362,1,1,362_1_2025-01-16,4,1,1,1,0,0,0,1,2086
362,1,1,362_1_2025-01-16,5,0,0,0,0,0,1,1,1904
362,1,1,362_1_2025-01-16,6,0,0,0,0,0,1,1,2002
362,1,1,362_1_2025-01-16,7,1,1,1,0,0,0,1,1385
362,1,1,362_1_2025-01-16,8,1,1,1,0,0,0,1,2905
362,1,1,362_1_2025-01-16,9,0,1,0,0,1,0,0,2835
362,1,1,362_1_2025-01-16,10,1,1,1,0,0,0,1,2154
362,2,2,362_2_2025-01-16,1,0,0,0,0,0,1,1,1918
362,2,2,362_2_2025-01-16,2,1,1,1,0,0,0,1,2334
362,2,2,362_2_2025-01-16,3,1,1,1,0,0,0,1,2901
362,2,2,362_2_2025-01-16,4,0,0,0,0,0,1,1,2051
362,2,2,362_2_2025-01-16,5,0,0,0,0,0,1,1,3017
362,2,2,362_2_2025-01-16,6,1,1,1,0,0,0,1,2083
362,2,2,362_2_2025-01-16,7,1,1,1,0,0,0,1,3692
362,2,2,362_2_2025-01-16,8,0,0,0,0,0,1,1,1783
362,2,2,362_2_2025-01-16,9,1,1,1,0,0,0,1,1434
362,2,2,362_2_2025-01-16,10,0,0,0,0,0,1,1,2169
362,3,3,362_3_2025-01-16,1,0,0,0,0,0,1,1,1585
362,3,3,362_3_2025-01-16,2,1,1,1,0,0,0,1,1716
362,3,3,362_3_2025-01-16,3,0,0,0,0,0,1,1,1452
362,3,3,362_3_2025-01-16,4,1,1,1,0,0,0,1,5602
362,3,3,362_3_2025-01-16,5,1,1,1,0,0,0,1,1734
362,3,3,362_3_2025-01-16,6,1,1,1,0,0,0,1,2117
362,3,3,362_3_2025-01-16,7,1,1,1,0,0,0,1,1384
362,3,3,362_3_2025-01-16,8,0,0,0,0,0,1,1,1601
362,3,3,362_3_2025-01-16,9,0,0,0,0,0,1,1,1235
362,3,3,362_3_2025-01-16,10,0,0,0,0,0,1,1,1451
