id,session,session_seq,visit_id,ss_median_rt_accurate,ss_n_accurate,dm_median_error_distance,dm_mean_error_distance,cs_hit_rate,cs_fa_rate,cs_prop_correct,cs_correc,ss_seconds
305,1,1,305_1_2023-08-02,3592,17,10,8.333333333333334,0.4,0,0.7,0.4,3.592
305,2,2,305_2_2023-08-02,2968,18,10,10,0.6,0,0.8,0.6,2.968
305,3,3,305_3_2023-08-02,3095.5,18,10,6.666666666666667,0.4,0,0.7,0.4,3.0955
306,1,1,306_1_2023-08-08,2577,17,5,6.666666666666666,0.2,0,0.6,0.2,2.577
306,2,2,306_2_2023-08-08,2975.5,18,10,9.714045207910317,0.2,0,0.6,0.2,2.9755
306,3,3,306_3_2023-08-08,3085,17,10,8.333333333333334,1,0,1,1,3.085
308,1,1,308_1_2023-08-18,2596.5,18,0,0,0.8,0,0.9,0.8,2.5965
308,2,2,308_2_2023-08-18,2259.5,16,10,6.666666666666667,0.8,0.2,0.8,0.6000000000000001,2.2595
308,3,3,308_3_2023-08-18,2607,17,0,3.333333333333333,1,0.2,0.9,0.8,2.607
309,1,1,309_1_2023-09-12,2040,16,7.0710678118654755,9.417135899788141,1,0,1,1,2.04
309,2,2,309_2_2023-09-12,1543,16,10,9.023689270621825,0.2,0,0.6,0.2,1.543
312,1,1,312_1_2023-09-12,2398,18,5,9.023689270621825,0.2,0.2,0.5,0,2.398
312,2,2,312_2_2023-09-12,1953,17,7.0710678118654755,7.3570226039551585,0.6,0,0.8,0.6,1.953
312,3,3,312_3_2023-09-12,1901,17,0,1.6666666666666665,0.8,0,0.9,0.8,1.901
313,1,1,313_1_2023-11-14,1875,16,21.18033988749895,18.14391586228779,0.6,0,0.8,0.6,1.875
313,2,2,313_2_2023-11-14,1669,15,22.071067811865476,19.13118110769846,0.4,0.4,0.5,0,1.669
313,3,3,313_3_2023-11-14,1466,15,20.811388300841898,21.354265333402108,0.4,0.4,0.5,0,1.466
314,1,1,314_1_2023-09-14,1784.5,18,20,14.417135899788141,0.4,0.4,0.5,0,1.7845
314,2,2,314_2_2023-09-14,1621,17,0,6.666666666666666,0.6,0,0.8,0.6,1.621
314,3,3,314_3_2023-09-14,1929,17,10,10,0.4,0.2,0.6,0.2,1.929
315,1,1,315_1_2023-10-11,4184.5,18,10,9.714045207910317,0.8,0.2,0.8,0.6000000000000001,4.1845
315,2,2,315_2_2023-10-11,3270,18,12.071067811865476,14.131181107698458,0.4,0.2,0.6,0.2,3.27
315,3,3,315_3_2023-10-11,3383.5,18,5,8.72677996249965,0.6,0.2,0.7,0.39999999999999997,3.3835
316,1,1,316_1_2023-10-06,2990,18,0,0,0.8,0.2,0.8,0.6000000000000001,2.99
316,2,2,316_2_2023-10-06,2608.5,18,0,2.3570226039551585,0.8,0,0.9,0.8,2.6085
316,3,3,316_3_2023-10-06,2327.5,18,0,1.6666666666666665,0.8,0,0.9,0.8,2.3275
317,1,1,317_1_2023-10-13,3285.5,18,14.142135623730951,13.047378541243651,0.4,0.2,0.6,0.2,3.2855
317,2,2,317_2_2023-10-13,2696,18,20,19.023689270621826,0.2,0.2,0.5,0,2.696
317,3,3,317_3_2023-10-13,2383.5,18,23.251407699364425,22.044621270690598,0.4,0.2,0.6,0.2,2.3835
318,1,1,318_1_2024-01-10,1433.5,18,0,1.6666666666666665,0.6,0.4,0.6,0.19999999999999996,1.4335
318,2,2,318_2_2024-01-10,1375.5,18,0,1.6666666666666665,1,0,1,1,1.3755
318,3,3,318_3_2024-01-10,1767,17,0,0,0.8,0,0.9,0.8,1.767
319,1,1,319_1_2024-01-05,4085,17,5,6.666666666666666,0.6,0.6,0.5,0,4.085
319,2,2,319_2_2024-01-05,2949,17,17.071067811865476,19.294152037569123,0.4,0,0.7,0.4,2.949
319,3,3,319_3_2024-01-05,3620,17,5,9.417135899788141,0.4,0,0.7,0.4,3.62
320,1,1,320_1_2024-01-24,3710,18,0,3.333333333333333,0.6,0,0.8,0.6,3.71
320,2,2,320_2_2024-01-24,3302.5,18,5,5,0.6,0.2,0.7,0.39999999999999997,3.3025
320,3,3,320_3_2024-01-24,2366.5,18,12.071067811865476,10.690355937288492,0.2,0,0.6,0.2,2.3665
321,1,1,321_1_2024-02-05,3321,18,10,11.666666666666666,0.6,0.2,0.7,0.39999999999999997,3.321
321,2,2,321_2_2024-02-05,3609.5,18,5,3.3333333333333335,0.2,0.2,0.5,0,3.6095
321,3,3,321_3_2024-02-05,2159.5,18,5,5,0.6,1,0.3,-0.4,2.1595
322,1,1,322_1_2024-02-13,3790.5,18,7.0710678118654755,7.3570226039551585,0.8,0.2,0.8,0.6000000000000001,3.7905
322,2,2,322_2_2024-02-13,3300.5,18,19.14213562373095,16.094757082487302,1,0,1,1,3.3005
322,3,3,322_3_2024-02-13,3608.5,18,7.0710678118654755,8.047378541243651,0.8,0,0.9,0.8,3.6085
323,1,1,323_1_2024-02-19,2794.5,18,10,7.3570226039551585,0.6,0,0.8,0.6,2.7945
323,2,2,323_2_2024-02-19,2453,18,12.071067811865476,14.417135899788141,0.2,0,0.6,0.2,2.453
323,3,3,323_3_2024-02-19,2370.5,18,0,5,0.4,0,0.7,0.4,2.3705
324,1,1,324_1_2024-02-28,3479.5,18,10,7.3570226039551585,0.8,0,0.9,0.8,3.4795
324,2,2,324_2_2024-02-28,4610.5,18,12.071067811865476,12.357022603955159,0.2,0,0.6,0.2,4.6105
324,3,3,324_3_2024-02-28,4054.5,18,12.071067811865476,9.714045207910317,0.6,0,0.8,0.6,4.0545
325,1,1,325_1_2024-02-22,3313,18,5,5.6903559372884915,1,0,1,1,3.313
325,2,2,325_2_2024-02-22,3293.5,18,5,3.3333333333333335,0.2,0,0.6,0.2,3.2935
325,3,3,325_3_2024-02-22,2759.5,18,5,5,0.8,0.2,0.8,0.6000000000000001,2.7595
326,1,1,326_1_2024-03-11,1809,18,10,6.666666666666667,0.8,0.4,0.7,0.4,1.809
326,2,2,326_2_2024-03-11,2044,18,0,1.6666666666666665,0.6,0.4,0.6,0.19999999999999996,2.044
326,3,3,326_3_2024-03-11,1885,17,5,8.333333333333334,0.8,0,0.9,0.8,1.885
327,1,1,327_1_2024-03-14,3599,17,10,8.72677996249965,0.2,0,0.6,0.2,3.599
327,2,2,327_2_2024-03-14,2802,18,20,15.690355937288492,0.4,0,0.7,0.4,2.802
327,3,3,327_3_2024-03-14,2411.5,18,12.071067811865476,15.797847774365126,0.8,0,0.9,0.8,2.4115
328,1,1,328_1_2024-03-26,1719,15,12.071067811865476,9.714045207910317,0.6,0.2,0.7,0.39999999999999997,1.719
328,2,2,328_2_2024-03-26,1948,17,15,15.690355937288492,0.6,0.2,0.7,0.39999999999999997,1.948
328,3,3,328_3_2024-03-26,2402,15,17.071067811865476,11.7741585037433,0.4,0.2,0.6,0.2,2.402
329,1,1,329_1_2024-04-02,4200,18,19.14213562373095,20.404401145198808,0.4,0.4,0.5,0,4.2
329,2,2,329_2_2024-04-02,2842.5,18,21.213203435596427,22.341530578812776,0.2,0.2,0.5,0,2.8425
329,3,3,329_3_2024-04-02,3834,18,28.027756377319946,20.723297333683632,0.4,0.6,0.4,-0.19999999999999996,3.834
330,1,1,330_1_2024-04-11,2161.5,18,0,5,0.6,0.4,0.6,0.19999999999999996,2.1615
330,2,2,330_2_2024-04-11,2334,18,10,10,0.4,0,0.7,0.4,2.334
330,3,3,330_3_2024-04-11,2135.5,18,0,4.714045207910317,0.8,0,0.9,0.8,2.1355
331,1,1,331_1_2024-04-29,3934,18,21.18033988749895,21.477249195621123,1,0.2,0.9,0.8,3.934
331,2,2,331_2_2024-04-29,2900.5,18,12.071067811865476,13.047378541243651,1,0,1,1,2.9005
331,3,3,331_3_2024-04-29,2526,18,7.0710678118654755,7.3570226039551585,0.4,0.2,0.6,0.2,2.526
332,1,1,332_1_2024-07-10,3290,18,7.0710678118654755,9.417135899788141,0.4,0,0.7,0.4,3.29
332,2,2,332_2_2024-07-10,2884.5,18,5,8.047378541243651,0,0,0.5,0,2.8845
332,3,3,332_3_2024-07-10,4035,18,22.071067811865476,19.023689270621826,0.2,0,0.6,0.2,4.035
333,1,1,333_1_2024-05-09,2714.5,18,5,3.3333333333333335,0,0.2,0.4,-0.2,2.7145
333,2,2,333_2_2024-05-09,3126.5,18,5,3.3333333333333335,0.2,0.2,0.5,0,3.1265
333,3,3,333_3_2024-05-09,3968.5,18,0,5,0.2,0,0.6,0.2,3.9685
334,1,1,334_1_2024-05-07,2067,18,5,6.666666666666667,0.6,0.4,0.6,0.19999999999999996,2.067
334,2,2,334_2_2024-05-07,2092,18,0,1.6666666666666665,0.8,0.2,0.8,0.6000000000000001,2.092
334,3,3,334_3_2024-05-07,1836,15,0,3.333333333333333,0.8,0.4,0.7,0.4,1.836
335,1,1,335_1_2024-05-13,3951,17,10,9.023689270621825,0.2,0,0.6,0.2,3.951
335,2,2,335_2_2024-05-13,3235,17,5,3.3333333333333335,0.2,0,0.6,0.2,3.235
335,3,3,335_3_2024-05-13,2800,17,0,0,0.6,0,0.8,0.6,2.8
336,1,1,336_1_2024-05-23,2284,18,0,5,0.6,0,0.8,0.6,2.284
336,2,2,336_2_2024-05-23,2367.5,18,10,6.666666666666667,0.2,0,0.6,0.2,2.3675
336,3,3,336_3_2024-05-23,2768.5,18,0,3.333333333333333,0.8,0,0.9,0.8,2.7685
337,1,1,337_1_2024-07-24,2150,17,15,12.060113295832982,0.4,0,0.7,0.4,2.15
337,2,2,337_2_2024-07-24,1883,17,10,14.023689270621825,0,0,0.5,0,1.883
337,3,3,337_3_2024-07-24,2465,17,10,6.666666666666667,0.4,0.2,0.6,0.2,2.465
338,1,1,338_1_2024-07-15,2530,16,12.071067811865476,13.047378541243651,0.4,0.2,0.6,0.2,2.53
338,2,2,338_2_2024-07-15,2642.5,18,17.071067811865476,16.87069582478744,0.8,0.2,0.8,0.6000000000000001,2.6425
338,3,3,338_3_2024-07-15,2449,17,10,12.357022603955159,1,0.2,0.9,0.8,2.449
339,1,1,339_1_2024-07-22,2184,18,15,12.060113295832982,1,0,1,1,2.184
339,2,2,339_2_2024-07-22,2017.5,18,10,9.023689270621825,0.8,0,0.9,0.8,2.0175
339,3,3,339_3_2024-07-22,2702,18,10,10,0.8,0,0.9,0.8,2.702
340,1,1,340_1_2024-07-30,3209,18,22.071067811865476,19.714045207910317,0.2,0.2,0.5,0,3.209
340,2,2,340_2_2024-07-30,2418,18,19.14213562373095,15.107491837076633,0,0.4,0.3,-0.4,2.418
340,3,3,340_3_2024-07-30,2334.5,18,5,5,0.2,0.2,0.5,0,2.3345
341,1,1,341_1_2024-08-12,2770,18,15,15,0.4,0.4,0.5,0,2.77
341,2,2,341_2_2024-08-12,1984.5,18,14.142135623730951,19.714045207910317,0,0.4,0.3,-0.4,1.9845
341,3,3,341_3_2024-08-12,1850,17,17.071067811865476,17.35702260395516,0.2,0.2,0.5,0,1.85
342,1,1,342_1_2024-08-19,4848.5,18,12.071067811865476,9.417135899788141,0.8,0.2,0.8,0.6000000000000001,4.8485
342,2,2,342_2_2024-08-19,5002,17,17.071067811865476,16.380711874576985,0.4,0,0.7,0.4,5.002
342,3,3,342_3_2024-08-19,4178,18,15,14.023689270621825,0.4,0,0.7,0.4,4.178
343,1,1,343_1_2024-08-29,2841.5,18,12.071067811865476,13.440825170409967,0.4,0.2,0.6,0.2,2.8415
343,2,2,343_2_2024-08-29,2560,18,12.071067811865476,11.083802566454809,0.4,0.2,0.6,0.2,2.56
343,3,3,343_3_2024-08-29,2818.5,18,17.071067811865476,16.083802566454807,0.6,0,0.8,0.6,2.8185
346,1,1,346_1_2024-09-19,1123.5,14,17.071067811865476,19.023689270621826,0.6,0,0.8,0.6,1.1235
346,2,2,346_2_2024-09-19,1283,13,7.0710678118654755,8.047378541243651,0.4,0,0.7,0.4,1.283
346,3,3,346_3_2024-09-19,1433.5,16,5,6.666666666666666,0.8,0,0.9,0.8,1.4335
347,1,1,347_1_2024-09-23,3541.5,18,15,17.060113295832984,0.8,0,0.9,0.8,3.5415
347,2,2,347_2_2024-09-23,3285.5,18,5,5.6903559372884915,0.2,0.2,0.5,0,3.2855
347,3,3,347_3_2024-09-23,3235,18,5,6.666666666666666,0.2,0,0.6,0.2,3.235
348,1,1,348_1_2024-10-01,2035,17,0,1.6666666666666665,0.4,0,0.7000000000000001,0.4,2.035
348,2,2,348_2_2024-10-01,1867,18,0,3.333333333333333,1,0,1,1,1.867
348,3,3,348_3_2024-10-01,2150,18,5,5.6903559372884915,1,0,1,1,2.15
349,1,1,349_1_2024-09-24,1133,17,12.071067811865476,14.428090415820634,0.8,0,0.9,0.8,1.133
349,2,2,349_2_2024-09-24,1142,14,12.071067811865476,13.047378541243651,1,0,1,1,1.142
349,3,3,349_3_2024-09-24,1950,17,17.071067811865476,17.071067811865476,0.6,0,0.8,0.6,1.95
351,2,1,351_2_2024-09-26,2409,17,17.071067811865476,11.380711874576983,0.6,0.2,0.7,0.39999999999999997,2.409
351,3,2,351_3_2024-09-26,2452.5,18,10,10,1,0,1,1,2.4525
351,4,3,351_4_2024-09-26,2659,18,7.0710678118654755,7.3570226039551585,0.8,0,0.9,0.8,2.659
352,1,1,352_1_2024-11-21,2616.5,18,15,11.666666666666666,0.8,0,0.9,0.8,2.6165
352,2,2,352_2_2024-11-21,2035,18,0,5,1,0,1,1,2.035
352,3,3,352_3_2024-11-21,1749.5,18,0,1.6666666666666665,0.8,0,0.9,0.8,1.7495
353,2,1,353_2_2024-10-21,3702,17,17.071067811865476,13.737734478532142,0.6,0,0.8,0.6,3.702
353,3,2,353_3_2024-10-21,4319.5,18,15,14.023689270621825,0.4,0,0.7,0.4,4.3195
353,4,3,353_4_2024-10-21,2500,18,10,9.023689270621825,0.2,0.2,0.5,0,2.5
354,1,1,354_1_2024-10-29,3550.5,18,10,10.393446629166316,0.8,0,0.9,0.8,3.5505
354,2,2,354_2_2024-10-29,3126.5,18,0,8.440825170409965,0.8,0.4,0.7,0.4,3.1265
354,3,3,354_3_2024-10-29,3443,18,0,3.333333333333333,1,0,1,1,3.443
355,1,1,355_1_2024-11-07,2183,17,0,0,0.2,0.2,0.5,0,2.183
355,2,2,355_2_2024-11-07,2931,17,0,3.333333333333333,1,0.2,0.9,0.8,2.931
355,3,3,355_3_2024-11-07,2250,17,5,6.666666666666666,0.8,0,0.9,0.8,2.25
356,1,1,356_1_2024-11-26,2113,18,14.142135623730951,13.737734478532142,0.8,0.2,0.8,0.6000000000000001,2.113
356,2,2,356_2_2024-11-26,2100.5,18,5,5.6903559372884915,1,0,1,1,2.1005
356,3,3,356_3_2024-11-26,1791.5,18,5,3.3333333333333335,1,0.2,0.9,0.8,1.7915
357,1,1,357_1_2024-12-04,1976,18,5,5,0.6,0.2,0.7,0.39999999999999997,1.976
357,2,2,357_2_2024-12-04,2736,18,0,1.6666666666666665,1,0,1,1,2.736
357,3,3,357_3_2024-12-04,1863.5,18,0,2.3570226039551585,0.8,0.2,0.8,0.6000000000000001,1.8635
358,1,1,358_1_2024-12-09,1820.5,18,7.0710678118654755,7.3570226039551585,0.8,0,0.9,0.8,1.8205
358,2,2,358_2_2024-12-09,1620,18,0,2.3570226039551585,0.6,0,0.8,0.6,1.62
358,3,3,358_3_2024-12-09,1560,18,0,5.690355937288492,0.8,0.2,0.8,0.6000000000000001,1.56
359,1,1,359_1_2024-12-12,2008,18,11.180339887498949,11.7741585037433,0.8,0,0.9,0.8,2.008
359,2,2,359_2_2024-12-12,2267,17,19.14213562373095,18.440825170409965,0.4,0,0.7,0.4,2.267
359,3,3,359_3_2024-12-12,1524.5,18,5,8.333333333333334,0.4,0,0.7,0.4,1.5245
360,1,1,360_1_2025-01-15,2476.5,18,11.180339887498949,11.083802566454809,0.6,0.4,0.6,0.19999999999999996,2.4765
360,2,2,360_2_2025-01-15,2028.5,18,17.071067811865476,15.690355937288492,0.6,0.4,0.6,0.19999999999999996,2.0285
360,3,3,360_3_2025-01-15,2059,18,19.14213562373095,17.071067811865476,0.8,0.2,0.8,0.6000000000000001,2.059
361,1,1,361_1_2025-01-31,3118,18,10,13.047378541243651,0.4,0.2,0.6,0.2,3.118
361,2,2,361_2_2025-01-31,2868,17,5,5,0.2,0,0.6,0.2,2.868
361,3,3,361_3_2025-01-31,2410,18,12.071067811865476,13.047378541243651,0.6,0,0.8,0.6,2.41
362,1,1,362_1_2025-01-16,2493,18,10,8.72677996249965,1,0.2,0.9,0.8,2.493
362,2,2,362_2_2025-01-16,2678,17,7.0710678118654755,7.3570226039551585,1,0,1,1,2.678
362,3,3,362_3_2025-01-16,2534.5,18,5,6.666666666666666,1,0,1,1,2.5345
