id,session,session_seq,visit_id,trial,dot,distance
305,1,1,305_1_2023-08-02,1,1,5
305,1,1,305_1_2023-08-02,1,2,5
305,1,1,305_1_2023-08-02,1,3,0
305,1,1,305_1_2023-08-02,2,1,0
305,1,1,305_1_2023-08-02,2,2,5
305,1,1,305_1_2023-08-02,2,3,10
305,1,1,305_1_2023-08-02,3,1,0
305,1,1,305_1_2023-08-02,3,2,0
305,1,1,305_1_2023-08-02,3,3,0
305,2,2,305_2_2023-08-02,1,1,0
305,2,2,305_2_2023-08-02,1,2,0
305,2,2,305_2_2023-08-02,1,3,5
305,2,2,305_2_2023-08-02,2,1,5
305,2,2,305_2_2023-08-02,2,2,5
305,2,2,305_2_2023-08-02,2,3,5
305,2,2,305_2_2023-08-02,3,1,5
305,2,2,305_2_2023-08-02,3,2,0
305,2,2,305_2_2023-08-02,3,3,5
305,3,3,305_3_2023-08-02,1,1,5
305,3,3,305_3_2023-08-02,1,2,0
305,3,3,305_3_2023-08-02,1,3,5
305,3,3,305_3_2023-08-02,2,1,0
305,3,3,305_3_2023-08-02,2,2,0
305,3,3,305_3_2023-08-02,2,3,0
305,3,3,305_3_2023-08-02,3,1,5
305,3,3,305_3_2023-08-02,3,2,0
305,3,3,305_3_2023-08-02,3,3,5
306,1,1,306_1_2023-08-08,1,1,0
306,1,1,306_1_2023-08-08,1,2,0
306,1,1,306_1_2023-08-08,1,3,0
306,1,1,306_1_2023-08-08,2,1,5
306,1,1,306_1_2023-08-08,2,2,5
306,1,1,306_1_2023-08-08,2,3,5
306,1,1,306_1_2023-08-08,3,1,0
306,1,1,306_1_2023-08-08,3,2,5
306,1,1,306_1_2023-08-08,3,3,0
306,2,2,306_2_2023-08-08,1,1,0
306,2,2,306_2_2023-08-08,1,2,0
306,2,2,306_2_2023-08-08,1,3,7.0710678118654755
306,2,2,306_2_2023-08-08,2,1,7.0710678118654755
306,2,2,306_2_2023-08-08,2,2,0
306,2,2,306_2_2023-08-08,2,3,5
306,2,2,306_2_2023-08-08,3,1,5
306,2,2,306_2_2023-08-08,3,2,5
306,2,2,306_2_2023-08-08,3,3,0
306,3,3,306_3_2023-08-08,1,1,5
306,3,3,306_3_2023-08-08,1,2,5
306,3,3,306_3_2023-08-08,1,3,0
306,3,3,306_3_2023-08-08,2,1,0
306,3,3,306_3_2023-08-08,2,2,5
306,3,3,306_3_2023-08-08,2,3,10
306,3,3,306_3_2023-08-08,3,1,0
306,3,3,306_3_2023-08-08,3,2,0
306,3,3,306_3_2023-08-08,3,3,0
308,1,1,308_1_2023-08-18,1,1,0
308,1,1,308_1_2023-08-18,1,2,0
308,1,1,308_1_2023-08-18,1,3,0
308,1,1,308_1_2023-08-18,2,1,0
308,1,1,308_1_2023-08-18,2,2,0
308,1,1,308_1_2023-08-18,2,3,0
308,1,1,308_1_2023-08-18,3,1,0
308,1,1,308_1_2023-08-18,3,2,0
308,1,1,308_1_2023-08-18,3,3,0
308,2,2,308_2_2023-08-18,1,1,5
308,2,2,308_2_2023-08-18,1,2,0
308,2,2,308_2_2023-08-18,1,3,5
308,2,2,308_2_2023-08-18,2,1,5
308,2,2,308_2_2023-08-18,2,2,5
308,2,2,308_2_2023-08-18,2,3,0
308,2,2,308_2_2023-08-18,3,1,0
308,2,2,308_2_2023-08-18,3,2,0
308,2,2,308_2_2023-08-18,3,3,0
308,3,3,308_3_2023-08-18,1,1,0
308,3,3,308_3_2023-08-18,1,2,0
308,3,3,308_3_2023-08-18,1,3,0
308,3,3,308_3_2023-08-18,2,1,0
308,3,3,308_3_2023-08-18,2,2,5
308,3,3,308_3_2023-08-18,2,3,5
308,3,3,308_3_2023-08-18,3,1,0
308,3,3,308_3_2023-08-18,3,2,0
308,3,3,308_3_2023-08-18,3,3,0
309,1,1,309_1_2023-09-12,1,1,7.0710678118654755
309,1,1,309_1_2023-09-12,1,2,0
309,1,1,309_1_2023-09-12,1,3,0
309,1,1,309_1_2023-09-12,2,1,11.180339887498949
309,1,1,309_1_2023-09-12,2,2,5
309,1,1,309_1_2023-09-12,2,3,0
309,1,1,309_1_2023-09-12,3,1,5
309,1,1,309_1_2023-09-12,3,2,0
309,1,1,309_1_2023-09-12,3,3,0
309,2,2,309_2_2023-09-12,1,1,5
309,2,2,309_2_2023-09-12,1,2,5
309,2,2,309_2_2023-09-12,1,3,0
309,2,2,309_2_2023-09-12,2,1,0
309,2,2,309_2_2023-09-12,2,2,5
309,2,2,309_2_2023-09-12,2,3,5
309,2,2,309_2_2023-09-12,3,1,0
309,2,2,309_2_2023-09-12,3,2,7.0710678118654755
309,2,2,309_2_2023-09-12,3,3,0
312,1,1,312_1_2023-09-12,1,1,0
312,1,1,312_1_2023-09-12,1,2,5
312,1,1,312_1_2023-09-12,1,3,0
312,1,1,312_1_2023-09-12,2,1,0
312,1,1,312_1_2023-09-12,2,2,5
312,1,1,312_1_2023-09-12,2,3,0
312,1,1,312_1_2023-09-12,3,1,5
312,1,1,312_1_2023-09-12,3,2,5
312,1,1,312_1_2023-09-12,3,3,7.0710678118654755
312,2,2,312_2_2023-09-12,1,1,7.0710678118654755
312,2,2,312_2_2023-09-12,1,2,0
312,2,2,312_2_2023-09-12,1,3,0
312,2,2,312_2_2023-09-12,2,1,0
312,2,2,312_2_2023-09-12,2,2,0
312,2,2,312_2_2023-09-12,2,3,0
312,2,2,312_2_2023-09-12,3,1,5
312,2,2,312_2_2023-09-12,3,2,5
312,2,2,312_2_2023-09-12,3,3,5
312,3,3,312_3_2023-09-12,1,1,0
312,3,3,312_3_2023-09-12,1,2,0
312,3,3,312_3_2023-09-12,1,3,0
312,3,3,312_3_2023-09-12,2,1,5
312,3,3,312_3_2023-09-12,2,2,0
312,3,3,312_3_2023-09-12,2,3,0
312,3,3,312_3_2023-09-12,3,1,0
312,3,3,312_3_2023-09-12,3,2,0
312,3,3,312_3_2023-09-12,3,3,0
313,1,1,313_1_2023-11-14,1,1,0
313,1,1,313_1_2023-11-14,1,2,11.180339887498949
313,1,1,313_1_2023-11-14,1,3,0
313,1,1,313_1_2023-11-14,2,1,7.0710678118654755
313,1,1,313_1_2023-11-14,2,2,5
313,1,1,313_1_2023-11-14,2,3,10
313,1,1,313_1_2023-11-14,3,1,5
313,1,1,313_1_2023-11-14,3,2,5
313,1,1,313_1_2023-11-14,3,3,11.180339887498949
313,2,2,313_2_2023-11-14,1,1,7.0710678118654755
313,2,2,313_2_2023-11-14,1,2,0
313,2,2,313_2_2023-11-14,1,3,0
313,2,2,313_2_2023-11-14,2,1,7.0710678118654755
313,2,2,313_2_2023-11-14,2,2,5
313,2,2,313_2_2023-11-14,2,3,10
313,2,2,313_2_2023-11-14,3,1,10
313,2,2,313_2_2023-11-14,3,2,7.0710678118654755
313,2,2,313_2_2023-11-14,3,3,11.180339887498949
313,3,3,313_3_2023-11-14,1,1,15.811388300841896
313,3,3,313_3_2023-11-14,1,2,5
313,3,3,313_3_2023-11-14,1,3,0
313,3,3,313_3_2023-11-14,2,1,15
313,3,3,313_3_2023-11-14,2,2,11.180339887498949
313,3,3,313_3_2023-11-14,2,3,5
313,3,3,313_3_2023-11-14,3,1,0
313,3,3,313_3_2023-11-14,3,2,7.0710678118654755
313,3,3,313_3_2023-11-14,3,3,5
314,1,1,314_1_2023-09-14,1,1,7.0710678118654755
314,1,1,314_1_2023-09-14,1,2,11.180339887498949
314,1,1,314_1_2023-09-14,1,3,5
314,1,1,314_1_2023-09-14,2,1,0
314,1,1,314_1_2023-09-14,2,2,0
314,1,1,314_1_2023-09-14,2,3,0
314,1,1,314_1_2023-09-14,3,1,5
314,1,1,314_1_2023-09-14,3,2,5
314,1,1,314_1_2023-09-14,3,3,10
314,2,2,314_2_2023-09-14,1,1,0
314,2,2,314_2_2023-09-14,1,2,0
314,2,2,314_2_2023-09-14,1,3,0
314,2,2,314_2_2023-09-14,2,1,0
314,2,2,314_2_2023-09-14,2,2,10
314,2,2,314_2_2023-09-14,2,3,10
314,2,2,314_2_2023-09-14,3,1,0
314,2,2,314_2_2023-09-14,3,2,0
314,2,2,314_2_2023-09-14,3,3,0
314,3,3,314_3_2023-09-14,1,1,5
314,3,3,314_3_2023-09-14,1,2,5
314,3,3,314_3_2023-09-14,1,3,0
314,3,3,314_3_2023-09-14,2,1,5
314,3,3,314_3_2023-09-14,2,2,10
314,3,3,314_3_2023-09-14,2,3,5
314,3,3,314_3_2023-09-14,3,1,0
314,3,3,314_3_2023-09-14,3,2,0
314,3,3,314_3_2023-09-14,3,3,0
315,1,1,315_1_2023-10-11,1,1,0
315,1,1,315_1_2023-10-11,1,2,0
315,1,1,315_1_2023-10-11,1,3,0
315,1,1,315_1_2023-10-11,2,1,10
315,1,1,315_1_2023-10-11,2,2,0
315,1,1,315_1_2023-10-11,2,3,0
315,1,1,315_1_2023-10-11,3,1,5
315,1,1,315_1_2023-10-11,3,2,7.0710678118654755
315,1,1,315_1_2023-10-11,3,3,7.0710678118654755
315,2,2,315_2_2023-10-11,1,1,5
315,2,2,315_2_2023-10-11,1,2,7.0710678118654755
315,2,2,315_2_2023-10-11,1,3,0
315,2,2,315_2_2023-10-11,2,1,5
315,2,2,315_2_2023-10-11,2,2,0
315,2,2,315_2_2023-10-11,2,3,0
315,2,2,315_2_2023-10-11,3,1,14.142135623730951
315,2,2,315_2_2023-10-11,3,2,0
315,2,2,315_2_2023-10-11,3,3,11.180339887498949
315,3,3,315_3_2023-10-11,1,1,0
315,3,3,315_3_2023-10-11,1,2,0
315,3,3,315_3_2023-10-11,1,3,0
315,3,3,315_3_2023-10-11,2,1,5
315,3,3,315_3_2023-10-11,2,2,0
315,3,3,315_3_2023-10-11,2,3,0
315,3,3,315_3_2023-10-11,3,1,11.180339887498949
315,3,3,315_3_2023-10-11,3,2,5
315,3,3,315_3_2023-10-11,3,3,5
316,1,1,316_1_2023-10-06,1,1,0
316,1,1,316_1_2023-10-06,1,2,0
316,1,1,316_1_2023-10-06,1,3,0
316,1,1,316_1_2023-10-06,2,1,0
316,1,1,316_1_2023-10-06,2,2,0
316,1,1,316_1_2023-10-06,2,3,0
316,1,1,316_1_2023-10-06,3,1,0
316,1,1,316_1_2023-10-06,3,2,0
316,1,1,316_1_2023-10-06,3,3,0
316,2,2,316_2_2023-10-06,1,1,0
316,2,2,316_2_2023-10-06,1,2,0
316,2,2,316_2_2023-10-06,1,3,0
316,2,2,316_2_2023-10-06,2,1,7.0710678118654755
316,2,2,316_2_2023-10-06,2,2,0
316,2,2,316_2_2023-10-06,2,3,0
316,2,2,316_2_2023-10-06,3,1,0
316,2,2,316_2_2023-10-06,3,2,0
316,2,2,316_2_2023-10-06,3,3,0
316,3,3,316_3_2023-10-06,1,1,0
316,3,3,316_3_2023-10-06,1,2,0
316,3,3,316_3_2023-10-06,1,3,0
316,3,3,316_3_2023-10-06,2,1,0
316,3,3,316_3_2023-10-06,2,2,0
316,3,3,316_3_2023-10-06,2,3,0
316,3,3,316_3_2023-10-06,3,1,0
316,3,3,316_3_2023-10-06,3,2,0
316,3,3,316_3_2023-10-06,3,3,5
317,1,1,317_1_2023-10-13,1,1,5
317,1,1,317_1_2023-10-13,1,2,5
317,1,1,317_1_2023-10-13,1,3,5
317,1,1,317_1_2023-10-13,2,1,0
317,1,1,317_1_2023-10-13,2,2,0
317,1,1,317_1_2023-10-13,2,3,10
317,1,1,317_1_2023-10-13,3,1,7.0710678118654755
317,1,1,317_1_2023-10-13,3,2,7.0710678118654755
317,1,1,317_1_2023-10-13,3,3,0
317,2,2,317_2_2023-10-13,1,1,5
317,2,2,317_2_2023-10-13,1,2,10
317,2,2,317_2_2023-10-13,1,3,5
317,2,2,317_2_2023-10-13,2,1,7.0710678118654755
317,2,2,317_2_2023-10-13,2,2,5
317,2,2,317_2_2023-10-13,2,3,5
317,2,2,317_2_2023-10-13,3,1,5
317,2,2,317_2_2023-10-13,3,2,10
317,2,2,317_2_2023-10-13,3,3,5
317,3,3,317_3_2023-10-13,1,1,5
317,3,3,317_3_2023-10-13,1,2,5
317,3,3,317_3_2023-10-13,1,3,5
317,3,3,317_3_2023-10-13,2,1,5
317,3,3,317_3_2023-10-13,2,2,11.180339887498949
317,3,3,317_3_2023-10-13,2,3,7.0710678118654755
317,3,3,317_3_2023-10-13,3,1,15.811388300841896
317,3,3,317_3_2023-10-13,3,2,5
317,3,3,317_3_2023-10-13,3,3,7.0710678118654755
318,1,1,318_1_2024-01-10,1,1,0
318,1,1,318_1_2024-01-10,1,2,0
318,1,1,318_1_2024-01-10,1,3,0
318,1,1,318_1_2024-01-10,2,1,0
318,1,1,318_1_2024-01-10,2,2,0
318,1,1,318_1_2024-01-10,2,3,5
318,1,1,318_1_2024-01-10,3,1,0
318,1,1,318_1_2024-01-10,3,2,0
318,1,1,318_1_2024-01-10,3,3,0
318,2,2,318_2_2024-01-10,1,1,0
318,2,2,318_2_2024-01-10,1,2,0
318,2,2,318_2_2024-01-10,1,3,5
318,2,2,318_2_2024-01-10,2,1,0
318,2,2,318_2_2024-01-10,2,2,0
318,2,2,318_2_2024-01-10,2,3,0
318,2,2,318_2_2024-01-10,3,1,0
318,2,2,318_2_2024-01-10,3,2,0
318,2,2,318_2_2024-01-10,3,3,0
318,3,3,318_3_2024-01-10,1,1,0
318,3,3,318_3_2024-01-10,1,2,0
318,3,3,318_3_2024-01-10,1,3,0
318,3,3,318_3_2024-01-10,2,1,0
318,3,3,318_3_2024-01-10,2,2,0
318,3,3,318_3_2024-01-10,2,3,0
318,3,3,318_3_2024-01-10,3,1,0
318,3,3,318_3_2024-01-10,3,2,0
318,3,3,318_3_2024-01-10,3,3,0
319,1,1,319_1_2024-01-05,1,1,5
319,1,1,319_1_2024-01-05,1,2,0
319,1,1,319_1_2024-01-05,1,3,0
319,1,1,319_1_2024-01-05,2,1,5
319,1,1,319_1_2024-01-05,2,2,5
319,1,1,319_1_2024-01-05,2,3,5
319,1,1,319_1_2024-01-05,3,1,0
319,1,1,319_1_2024-01-05,3,2,0
319,1,1,319_1_2024-01-05,3,3,0
319,2,2,319_2_2024-01-05,1,1,0
319,2,2,319_2_2024-01-05,1,2,5
319,2,2,319_2_2024-01-05,1,3,5
319,2,2,319_2_2024-01-05,2,1,15.811388300841896
319,2,2,319_2_2024-01-05,2,2,10
319,2,2,319_2_2024-01-05,2,3,5
319,2,2,319_2_2024-01-05,3,1,5
319,2,2,319_2_2024-01-05,3,2,5
319,2,2,319_2_2024-01-05,3,3,7.0710678118654755
319,3,3,319_3_2024-01-05,1,1,5
319,3,3,319_3_2024-01-05,1,2,7.0710678118654755
319,3,3,319_3_2024-01-05,1,3,11.180339887498949
319,3,3,319_3_2024-01-05,2,1,0
319,3,3,319_3_2024-01-05,2,2,0
319,3,3,319_3_2024-01-05,2,3,5
319,3,3,319_3_2024-01-05,3,1,0
319,3,3,319_3_2024-01-05,3,2,0
319,3,3,319_3_2024-01-05,3,3,0
320,1,1,320_1_2024-01-24,1,1,0
320,1,1,320_1_2024-01-24,1,2,0
320,1,1,320_1_2024-01-24,1,3,0
320,1,1,320_1_2024-01-24,2,1,0
320,1,1,320_1_2024-01-24,2,2,5
320,1,1,320_1_2024-01-24,2,3,5
320,1,1,320_1_2024-01-24,3,1,0
320,1,1,320_1_2024-01-24,3,2,0
320,1,1,320_1_2024-01-24,3,3,0
320,2,2,320_2_2024-01-24,1,1,0
320,2,2,320_2_2024-01-24,1,2,0
320,2,2,320_2_2024-01-24,1,3,0
320,2,2,320_2_2024-01-24,2,1,0
320,2,2,320_2_2024-01-24,2,2,5
320,2,2,320_2_2024-01-24,2,3,0
320,2,2,320_2_2024-01-24,3,1,5
320,2,2,320_2_2024-01-24,3,2,5
320,2,2,320_2_2024-01-24,3,3,0
320,3,3,320_3_2024-01-24,1,1,0
320,3,3,320_3_2024-01-24,1,2,0
320,3,3,320_3_2024-01-24,1,3,0
320,3,3,320_3_2024-01-24,2,1,5
320,3,3,320_3_2024-01-24,2,2,5
320,3,3,320_3_2024-01-24,2,3,10
320,3,3,320_3_2024-01-24,3,1,5
320,3,3,320_3_2024-01-24,3,2,7.0710678118654755
320,3,3,320_3_2024-01-24,3,3,0
321,1,1,321_1_2024-02-05,1,1,5
321,1,1,321_1_2024-02-05,1,2,10
321,1,1,321_1_2024-02-05,1,3,0
321,1,1,321_1_2024-02-05,2,1,0
321,1,1,321_1_2024-02-05,2,2,5
321,1,1,321_1_2024-02-05,2,3,5
321,1,1,321_1_2024-02-05,3,1,0
321,1,1,321_1_2024-02-05,3,2,5
321,1,1,321_1_2024-02-05,3,3,5
321,2,2,321_2_2024-02-05,1,1,0
321,2,2,321_2_2024-02-05,1,2,5
321,2,2,321_2_2024-02-05,1,3,0
321,2,2,321_2_2024-02-05,2,1,0
321,2,2,321_2_2024-02-05,2,2,0
321,2,2,321_2_2024-02-05,2,3,0
321,2,2,321_2_2024-02-05,3,1,0
321,2,2,321_2_2024-02-05,3,2,0
321,2,2,321_2_2024-02-05,3,3,5
321,3,3,321_3_2024-02-05,1,1,5
321,3,3,321_3_2024-02-05,1,2,0
321,3,3,321_3_2024-02-05,1,3,0
321,3,3,321_3_2024-02-05,2,1,0
321,3,3,321_3_2024-02-05,2,2,5
321,3,3,321_3_2024-02-05,2,3,0
321,3,3,321_3_2024-02-05,3,1,0
321,3,3,321_3_2024-02-05,3,2,5
321,3,3,321_3_2024-02-05,3,3,0
322,1,1,322_1_2024-02-13,1,1,5
322,1,1,322_1_2024-02-13,1,2,5
322,1,1,322_1_2024-02-13,1,3,0
322,1,1,322_1_2024-02-13,2,1,5
322,1,1,322_1_2024-02-13,2,2,0
322,1,1,322_1_2024-02-13,2,3,0
322,1,1,322_1_2024-02-13,3,1,0
322,1,1,322_1_2024-02-13,3,2,0
322,1,1,322_1_2024-02-13,3,3,7.0710678118654755
322,2,2,322_2_2024-02-13,1,1,0
322,2,2,322_2_2024-02-13,1,2,7.0710678118654755
322,2,2,322_2_2024-02-13,1,3,0
322,2,2,322_2_2024-02-13,2,1,5
322,2,2,322_2_2024-02-13,2,2,7.0710678118654755
322,2,2,322_2_2024-02-13,2,3,7.0710678118654755
322,2,2,322_2_2024-02-13,3,1,5
322,2,2,322_2_2024-02-13,3,2,10
322,2,2,322_2_2024-02-13,3,3,7.0710678118654755
322,3,3,322_3_2024-02-13,1,1,7.0710678118654755
322,3,3,322_3_2024-02-13,1,2,0
322,3,3,322_3_2024-02-13,1,3,0
322,3,3,322_3_2024-02-13,2,1,5
322,3,3,322_3_2024-02-13,2,2,0
322,3,3,322_3_2024-02-13,2,3,7.0710678118654755
322,3,3,322_3_2024-02-13,3,1,5
322,3,3,322_3_2024-02-13,3,2,0
322,3,3,322_3_2024-02-13,3,3,0
323,1,1,323_1_2024-02-19,1,1,5
323,1,1,323_1_2024-02-19,1,2,0
323,1,1,323_1_2024-02-19,1,3,5
323,1,1,323_1_2024-02-19,2,1,0
323,1,1,323_1_2024-02-19,2,2,0
323,1,1,323_1_2024-02-19,2,3,0
323,1,1,323_1_2024-02-19,3,1,5
323,1,1,323_1_2024-02-19,3,2,0
323,1,1,323_1_2024-02-19,3,3,7.0710678118654755
323,2,2,323_2_2024-02-19,1,1,5
323,2,2,323_2_2024-02-19,1,2,7.0710678118654755
323,2,2,323_2_2024-02-19,1,3,0
323,2,2,323_2_2024-02-19,2,1,5
323,2,2,323_2_2024-02-19,2,2,10
323,2,2,323_2_2024-02-19,2,3,5
323,2,2,323_2_2024-02-19,3,1,0
323,2,2,323_2_2024-02-19,3,2,0
323,2,2,323_2_2024-02-19,3,3,11.180339887498949
323,3,3,323_3_2024-02-19,1,1,0
323,3,3,323_3_2024-02-19,1,2,0
323,3,3,323_3_2024-02-19,1,3,0
323,3,3,323_3_2024-02-19,2,1,0
323,3,3,323_3_2024-02-19,2,2,0
323,3,3,323_3_2024-02-19,2,3,0
323,3,3,323_3_2024-02-19,3,1,5
323,3,3,323_3_2024-02-19,3,2,5
323,3,3,323_3_2024-02-19,3,3,5
324,1,1,324_1_2024-02-28,1,1,7.0710678118654755
324,1,1,324_1_2024-02-28,1,2,5
324,1,1,324_1_2024-02-28,1,3,0
324,1,1,324_1_2024-02-28,2,1,5
324,1,1,324_1_2024-02-28,2,2,5
324,1,1,324_1_2024-02-28,2,3,0
324,1,1,324_1_2024-02-28,3,1,0
324,1,1,324_1_2024-02-28,3,2,0
324,1,1,324_1_2024-02-28,3,3,0
324,2,2,324_2_2024-02-28,1,1,5
324,2,2,324_2_2024-02-28,1,2,5
324,2,2,324_2_2024-02-28,1,3,5
324,2,2,324_2_2024-02-28,2,1,5
324,2,2,324_2_2024-02-28,2,2,7.0710678118654755
324,2,2,324_2_2024-02-28,2,3,0
324,2,2,324_2_2024-02-28,3,1,5
324,2,2,324_2_2024-02-28,3,2,0
324,2,2,324_2_2024-02-28,3,3,5
324,3,3,324_3_2024-02-28,1,1,0
324,3,3,324_3_2024-02-28,1,2,7.0710678118654755
324,3,3,324_3_2024-02-28,1,3,5
324,3,3,324_3_2024-02-28,2,1,0
324,3,3,324_3_2024-02-28,2,2,5
324,3,3,324_3_2024-02-28,2,3,7.0710678118654755
324,3,3,324_3_2024-02-28,3,1,0
324,3,3,324_3_2024-02-28,3,2,5
324,3,3,324_3_2024-02-28,3,3,0
325,1,1,325_1_2024-02-22,1,1,0
325,1,1,325_1_2024-02-22,1,2,5
325,1,1,325_1_2024-02-22,1,3,0
325,1,1,325_1_2024-02-22,2,1,0
325,1,1,325_1_2024-02-22,2,2,5
325,1,1,325_1_2024-02-22,2,3,0
325,1,1,325_1_2024-02-22,3,1,0
325,1,1,325_1_2024-02-22,3,2,7.0710678118654755
325,1,1,325_1_2024-02-22,3,3,0
325,2,2,325_2_2024-02-22,1,1,0
325,2,2,325_2_2024-02-22,1,2,0
325,2,2,325_2_2024-02-22,1,3,5
325,2,2,325_2_2024-02-22,2,1,0
325,2,2,325_2_2024-02-22,2,2,0
325,2,2,325_2_2024-02-22,2,3,0
325,2,2,325_2_2024-02-22,3,1,0
325,2,2,325_2_2024-02-22,3,2,0
325,2,2,325_2_2024-02-22,3,3,5
325,3,3,325_3_2024-02-22,1,1,0
325,3,3,325_3_2024-02-22,1,2,0
325,3,3,325_3_2024-02-22,1,3,5
325,3,3,325_3_2024-02-22,2,1,5
325,3,3,325_3_2024-02-22,2,2,0
325,3,3,325_3_2024-02-22,2,3,5
325,3,3,325_3_2024-02-22,3,1,0
325,3,3,325_3_2024-02-22,3,2,0
325,3,3,325_3_2024-02-22,3,3,0
326,1,1,326_1_2024-03-11,1,1,0
326,1,1,326_1_2024-03-11,1,2,5
326,1,1,326_1_2024-03-11,1,3,5
326,1,1,326_1_2024-03-11,2,1,5
326,1,1,326_1_2024-03-11,2,2,5
326,1,1,326_1_2024-03-11,2,3,0
326,1,1,326_1_2024-03-11,3,1,0
326,1,1,326_1_2024-03-11,3,2,0
326,1,1,326_1_2024-03-11,3,3,0
326,2,2,326_2_2024-03-11,1,1,5
326,2,2,326_2_2024-03-11,1,2,0
326,2,2,326_2_2024-03-11,1,3,0
326,2,2,326_2_2024-03-11,2,1,0
326,2,2,326_2_2024-03-11,2,2,0
326,2,2,326_2_2024-03-11,2,3,0
326,2,2,326_2_2024-03-11,3,1,0
326,2,2,326_2_2024-03-11,3,2,0
326,2,2,326_2_2024-03-11,3,3,0
326,3,3,326_3_2024-03-11,1,1,5
326,3,3,326_3_2024-03-11,1,2,5
326,3,3,326_3_2024-03-11,1,3,5
326,3,3,326_3_2024-03-11,2,1,0
326,3,3,326_3_2024-03-11,2,2,0
326,3,3,326_3_2024-03-11,2,3,5
326,3,3,326_3_2024-03-11,3,1,0
326,3,3,326_3_2024-03-11,3,2,0
326,3,3,326_3_2024-03-11,3,3,5
327,1,1,327_1_2024-03-14,1,1,11.180339887498949
327,1,1,327_1_2024-03-14,1,2,0
327,1,1,327_1_2024-03-14,1,3,5
327,1,1,327_1_2024-03-14,2,1,0
327,1,1,327_1_2024-03-14,2,2,0
327,1,1,327_1_2024-03-14,2,3,0
327,1,1,327_1_2024-03-14,3,1,5
327,1,1,327_1_2024-03-14,3,2,5
327,1,1,327_1_2024-03-14,3,3,0
327,2,2,327_2_2024-03-14,1,1,5
327,2,2,327_2_2024-03-14,1,2,10
327,2,2,327_2_2024-03-14,1,3,5
327,2,2,327_2_2024-03-14,2,1,0
327,2,2,327_2_2024-03-14,2,2,0
327,2,2,327_2_2024-03-14,2,3,7.0710678118654755
327,2,2,327_2_2024-03-14,3,1,5
327,2,2,327_2_2024-03-14,3,2,5
327,2,2,327_2_2024-03-14,3,3,10
327,3,3,327_3_2024-03-14,1,1,0
327,3,3,327_3_2024-03-14,1,2,10
327,3,3,327_3_2024-03-14,1,3,0
327,3,3,327_3_2024-03-14,2,1,7.0710678118654755
327,3,3,327_3_2024-03-14,2,2,7.0710678118654755
327,3,3,327_3_2024-03-14,2,3,11.180339887498949
327,3,3,327_3_2024-03-14,3,1,5
327,3,3,327_3_2024-03-14,3,2,7.0710678118654755
327,3,3,327_3_2024-03-14,3,3,0
328,1,1,328_1_2024-03-26,1,1,0
328,1,1,328_1_2024-03-26,1,2,0
328,1,1,328_1_2024-03-26,1,3,0
328,1,1,328_1_2024-03-26,2,1,7.0710678118654755
328,1,1,328_1_2024-03-26,2,2,5
328,1,1,328_1_2024-03-26,2,3,5
328,1,1,328_1_2024-03-26,3,1,0
328,1,1,328_1_2024-03-26,3,2,5
328,1,1,328_1_2024-03-26,3,3,7.0710678118654755
328,2,2,328_2_2024-03-26,1,1,5
328,2,2,328_2_2024-03-26,1,2,10
328,2,2,328_2_2024-03-26,1,3,7.0710678118654755
328,2,2,328_2_2024-03-26,2,1,5
328,2,2,328_2_2024-03-26,2,2,5
328,2,2,328_2_2024-03-26,2,3,0
328,2,2,328_2_2024-03-26,3,1,5
328,2,2,328_2_2024-03-26,3,2,5
328,2,2,328_2_2024-03-26,3,3,5
328,3,3,328_3_2024-03-26,1,1,0
328,3,3,328_3_2024-03-26,1,2,7.0710678118654755
328,3,3,328_3_2024-03-26,1,3,11.180339887498949
328,3,3,328_3_2024-03-26,2,1,0
328,3,3,328_3_2024-03-26,2,2,0
328,3,3,328_3_2024-03-26,2,3,0
328,3,3,328_3_2024-03-26,3,1,7.0710678118654755
328,3,3,328_3_2024-03-26,3,2,5
328,3,3,328_3_2024-03-26,3,3,5
329,1,1,329_1_2024-04-02,1,1,5
329,1,1,329_1_2024-04-02,1,2,7.0710678118654755
329,1,1,329_1_2024-04-02,1,3,7.0710678118654755
329,1,1,329_1_2024-04-02,2,1,5
329,1,1,329_1_2024-04-02,2,2,7.0710678118654755
329,1,1,329_1_2024-04-02,2,3,5
329,1,1,329_1_2024-04-02,3,1,10
329,1,1,329_1_2024-04-02,3,2,10
329,1,1,329_1_2024-04-02,3,3,5
329,2,2,329_2_2024-04-02,1,1,15.811388300841896
329,2,2,329_2_2024-04-02,1,2,5
329,2,2,329_2_2024-04-02,1,3,0
329,2,2,329_2_2024-04-02,2,1,7.0710678118654755
329,2,2,329_2_2024-04-02,2,2,7.0710678118654755
329,2,2,329_2_2024-04-02,2,3,7.0710678118654755
329,2,2,329_2_2024-04-02,3,1,10
329,2,2,329_2_2024-04-02,3,2,5
329,2,2,329_2_2024-04-02,3,3,10
329,3,3,329_3_2024-04-02,1,1,18.027756377319946
329,3,3,329_3_2024-04-02,1,2,5
329,3,3,329_3_2024-04-02,1,3,5
329,3,3,329_3_2024-04-02,2,1,0
329,3,3,329_3_2024-04-02,2,2,0
329,3,3,329_3_2024-04-02,2,3,5
329,3,3,329_3_2024-04-02,3,1,14.142135623730951
329,3,3,329_3_2024-04-02,3,2,5
329,3,3,329_3_2024-04-02,3,3,10
330,1,1,330_1_2024-04-11,1,1,0
330,1,1,330_1_2024-04-11,1,2,0
330,1,1,330_1_2024-04-11,1,3,0
330,1,1,330_1_2024-04-11,2,1,0
330,1,1,330_1_2024-04-11,2,2,5
330,1,1,330_1_2024-04-11,2,3,10
330,1,1,330_1_2024-04-11,3,1,0
330,1,1,330_1_2024-04-11,3,2,0
330,1,1,330_1_2024-04-11,3,3,0
330,2,2,330_2_2024-04-11,1,1,5
330,2,2,330_2_2024-04-11,1,2,5
330,2,2,330_2_2024-04-11,1,3,0
330,2,2,330_2_2024-04-11,2,1,10
330,2,2,330_2_2024-04-11,2,2,5
330,2,2,330_2_2024-04-11,2,3,5
330,2,2,330_2_2024-04-11,3,1,0
330,2,2,330_2_2024-04-11,3,2,0
330,2,2,330_2_2024-04-11,3,3,0
330,3,3,330_3_2024-04-11,1,1,0
330,3,3,330_3_2024-04-11,1,2,0
330,3,3,330_3_2024-04-11,1,3,0
330,3,3,330_3_2024-04-11,2,1,7.0710678118654755
330,3,3,330_3_2024-04-11,2,2,7.0710678118654755
330,3,3,330_3_2024-04-11,2,3,0
330,3,3,330_3_2024-04-11,3,1,0
330,3,3,330_3_2024-04-11,3,2,0
330,3,3,330_3_2024-04-11,3,3,0
331,1,1,331_1_2024-04-29,1,1,5
331,1,1,331_1_2024-04-29,1,2,5
331,1,1,331_1_2024-04-29,1,3,11.180339887498949
331,1,1,331_1_2024-04-29,2,1,5
331,1,1,331_1_2024-04-29,2,2,5
331,1,1,331_1_2024-04-29,2,3,5
331,1,1,331_1_2024-04-29,3,1,11.180339887498949
331,1,1,331_1_2024-04-29,3,2,7.0710678118654755
331,1,1,331_1_2024-04-29,3,3,10
331,2,2,331_2_2024-04-29,1,1,7.0710678118654755
331,2,2,331_2_2024-04-29,1,2,5
331,2,2,331_2_2024-04-29,1,3,5
331,2,2,331_2_2024-04-29,2,1,5
331,2,2,331_2_2024-04-29,2,2,5
331,2,2,331_2_2024-04-29,2,3,0
331,2,2,331_2_2024-04-29,3,1,5
331,2,2,331_2_2024-04-29,3,2,0
331,2,2,331_2_2024-04-29,3,3,7.0710678118654755
331,3,3,331_3_2024-04-29,1,1,0
331,3,3,331_3_2024-04-29,1,2,0
331,3,3,331_3_2024-04-29,1,3,0
331,3,3,331_3_2024-04-29,2,1,0
331,3,3,331_3_2024-04-29,2,2,7.0710678118654755
331,3,3,331_3_2024-04-29,2,3,0
331,3,3,331_3_2024-04-29,3,1,5
331,3,3,331_3_2024-04-29,3,2,5
331,3,3,331_3_2024-04-29,3,3,5
332,1,1,332_1_2024-07-10,1,1,0
332,1,1,332_1_2024-07-10,1,2,5
332,1,1,332_1_2024-07-10,1,3,11.180339887498949
332,1,1,332_1_2024-07-10,2,1,0
332,1,1,332_1_2024-07-10,2,2,0
332,1,1,332_1_2024-07-10,2,3,7.0710678118654755
332,1,1,332_1_2024-07-10,3,1,0
332,1,1,332_1_2024-07-10,3,2,0
332,1,1,332_1_2024-07-10,3,3,5
332,2,2,332_2_2024-07-10,1,1,0
332,2,2,332_2_2024-07-10,1,2,0
332,2,2,332_2_2024-07-10,1,3,5
332,2,2,332_2_2024-07-10,2,1,14.142135623730951
332,2,2,332_2_2024-07-10,2,2,0
332,2,2,332_2_2024-07-10,2,3,0
332,2,2,332_2_2024-07-10,3,1,0
332,2,2,332_2_2024-07-10,3,2,5
332,2,2,332_2_2024-07-10,3,3,0
332,3,3,332_3_2024-07-10,1,1,5
332,3,3,332_3_2024-07-10,1,2,5
332,3,3,332_3_2024-07-10,1,3,15
332,3,3,332_3_2024-07-10,2,1,5
332,3,3,332_3_2024-07-10,2,2,5
332,3,3,332_3_2024-07-10,2,3,0
332,3,3,332_3_2024-07-10,3,1,7.0710678118654755
332,3,3,332_3_2024-07-10,3,2,5
332,3,3,332_3_2024-07-10,3,3,10
333,1,1,333_1_2024-05-09,1,1,0
333,1,1,333_1_2024-05-09,1,2,0
333,1,1,333_1_2024-05-09,1,3,5
333,1,1,333_1_2024-05-09,2,1,0
333,1,1,333_1_2024-05-09,2,2,0
333,1,1,333_1_2024-05-09,2,3,5
333,1,1,333_1_2024-05-09,3,1,0
333,1,1,333_1_2024-05-09,3,2,0
333,1,1,333_1_2024-05-09,3,3,0
333,2,2,333_2_2024-05-09,1,1,0
333,2,2,333_2_2024-05-09,1,2,0
333,2,2,333_2_2024-05-09,1,3,5
333,2,2,333_2_2024-05-09,2,1,0
333,2,2,333_2_2024-05-09,2,2,0
333,2,2,333_2_2024-05-09,2,3,0
333,2,2,333_2_2024-05-09,3,1,0
333,2,2,333_2_2024-05-09,3,2,5
333,2,2,333_2_2024-05-09,3,3,0
333,3,3,333_3_2024-05-09,1,1,0
333,3,3,333_3_2024-05-09,1,2,0
333,3,3,333_3_2024-05-09,1,3,0
333,3,3,333_3_2024-05-09,2,1,5
333,3,3,333_3_2024-05-09,2,2,5
333,3,3,333_3_2024-05-09,2,3,5
333,3,3,333_3_2024-05-09,3,1,0
333,3,3,333_3_2024-05-09,3,2,0
333,3,3,333_3_2024-05-09,3,3,0
334,1,1,334_1_2024-05-07,1,1,0
334,1,1,334_1_2024-05-07,1,2,0
334,1,1,334_1_2024-05-07,1,3,5
334,1,1,334_1_2024-05-07,2,1,5
334,1,1,334_1_2024-05-07,2,2,0
334,1,1,334_1_2024-05-07,2,3,0
334,1,1,334_1_2024-05-07,3,1,0
334,1,1,334_1_2024-05-07,3,2,5
334,1,1,334_1_2024-05-07,3,3,5
334,2,2,334_2_2024-05-07,1,1,0
334,2,2,334_2_2024-05-07,1,2,0
334,2,2,334_2_2024-05-07,1,3,0
334,2,2,334_2_2024-05-07,2,1,0
334,2,2,334_2_2024-05-07,2,2,0
334,2,2,334_2_2024-05-07,2,3,5
334,2,2,334_2_2024-05-07,3,1,0
334,2,2,334_2_2024-05-07,3,2,0
334,2,2,334_2_2024-05-07,3,3,0
334,3,3,334_3_2024-05-07,1,1,0
334,3,3,334_3_2024-05-07,1,2,0
334,3,3,334_3_2024-05-07,1,3,0
334,3,3,334_3_2024-05-07,2,1,0
334,3,3,334_3_2024-05-07,2,2,0
334,3,3,334_3_2024-05-07,2,3,0
334,3,3,334_3_2024-05-07,3,1,5
334,3,3,334_3_2024-05-07,3,2,5
334,3,3,334_3_2024-05-07,3,3,0
335,1,1,335_1_2024-05-13,1,1,0
335,1,1,335_1_2024-05-13,1,2,7.0710678118654755
335,1,1,335_1_2024-05-13,1,3,0
335,1,1,335_1_2024-05-13,2,1,0
335,1,1,335_1_2024-05-13,2,2,5
335,1,1,335_1_2024-05-13,2,3,5
335,1,1,335_1_2024-05-13,3,1,5
335,1,1,335_1_2024-05-13,3,2,5
335,1,1,335_1_2024-05-13,3,3,0
335,2,2,335_2_2024-05-13,1,1,0
335,2,2,335_2_2024-05-13,1,2,0
335,2,2,335_2_2024-05-13,1,3,5
335,2,2,335_2_2024-05-13,2,1,0
335,2,2,335_2_2024-05-13,2,2,0
335,2,2,335_2_2024-05-13,2,3,0
335,2,2,335_2_2024-05-13,3,1,5
335,2,2,335_2_2024-05-13,3,2,0
335,2,2,335_2_2024-05-13,3,3,0
335,3,3,335_3_2024-05-13,1,1,0
335,3,3,335_3_2024-05-13,1,2,0
335,3,3,335_3_2024-05-13,1,3,0
335,3,3,335_3_2024-05-13,2,1,0
335,3,3,335_3_2024-05-13,2,2,0
335,3,3,335_3_2024-05-13,2,3,0
335,3,3,335_3_2024-05-13,3,1,0
335,3,3,335_3_2024-05-13,3,2,0
335,3,3,335_3_2024-05-13,3,3,0
336,1,1,336_1_2024-05-23,1,1,0
336,1,1,336_1_2024-05-23,1,2,0
336,1,1,336_1_2024-05-23,1,3,0
336,1,1,336_1_2024-05-23,2,1,0
336,1,1,336_1_2024-05-23,2,2,0
336,1,1,336_1_2024-05-23,2,3,0
336,1,1,336_1_2024-05-23,3,1,0
336,1,1,336_1_2024-05-23,3,2,5
336,1,1,336_1_2024-05-23,3,3,10
336,2,2,336_2_2024-05-23,1,1,0
336,2,2,336_2_2024-05-23,1,2,0
336,2,2,336_2_2024-05-23,1,3,0
336,2,2,336_2_2024-05-23,2,1,0
336,2,2,336_2_2024-05-23,2,2,5
336,2,2,336_2_2024-05-23,2,3,5
336,2,2,336_2_2024-05-23,3,1,5
336,2,2,336_2_2024-05-23,3,2,0
336,2,2,336_2_2024-05-23,3,3,5
336,3,3,336_3_2024-05-23,1,1,0
336,3,3,336_3_2024-05-23,1,2,0
336,3,3,336_3_2024-05-23,1,3,0
336,3,3,336_3_2024-05-23,2,1,5
336,3,3,336_3_2024-05-23,2,2,0
336,3,3,336_3_2024-05-23,2,3,5
336,3,3,336_3_2024-05-23,3,1,0
336,3,3,336_3_2024-05-23,3,2,0
336,3,3,336_3_2024-05-23,3,3,0
337,1,1,337_1_2024-07-24,1,1,0
337,1,1,337_1_2024-07-24,1,2,5
337,1,1,337_1_2024-07-24,1,3,10
337,1,1,337_1_2024-07-24,2,1,11.180339887498949
337,1,1,337_1_2024-07-24,2,2,5
337,1,1,337_1_2024-07-24,2,3,5
337,1,1,337_1_2024-07-24,3,1,0
337,1,1,337_1_2024-07-24,3,2,0
337,1,1,337_1_2024-07-24,3,3,0
337,2,2,337_2_2024-07-24,1,1,7.0710678118654755
337,2,2,337_2_2024-07-24,1,2,5
337,2,2,337_2_2024-07-24,1,3,10
337,2,2,337_2_2024-07-24,2,1,5
337,2,2,337_2_2024-07-24,2,2,0
337,2,2,337_2_2024-07-24,2,3,5
337,2,2,337_2_2024-07-24,3,1,5
337,2,2,337_2_2024-07-24,3,2,5
337,2,2,337_2_2024-07-24,3,3,0
337,3,3,337_3_2024-07-24,1,1,5
337,3,3,337_3_2024-07-24,1,2,0
337,3,3,337_3_2024-07-24,1,3,5
337,3,3,337_3_2024-07-24,2,1,10
337,3,3,337_3_2024-07-24,2,2,0
337,3,3,337_3_2024-07-24,2,3,0
337,3,3,337_3_2024-07-24,3,1,0
337,3,3,337_3_2024-07-24,3,2,0
337,3,3,337_3_2024-07-24,3,3,0
338,1,1,338_1_2024-07-15,1,1,0
338,1,1,338_1_2024-07-15,1,2,5
338,1,1,338_1_2024-07-15,1,3,5
338,1,1,338_1_2024-07-15,2,1,10
338,1,1,338_1_2024-07-15,2,2,0
338,1,1,338_1_2024-07-15,2,3,7.0710678118654755
338,1,1,338_1_2024-07-15,3,1,7.0710678118654755
338,1,1,338_1_2024-07-15,3,2,5
338,1,1,338_1_2024-07-15,3,3,0
338,2,2,338_2_2024-07-15,1,1,0
338,2,2,338_2_2024-07-15,1,2,11.180339887498949
338,2,2,338_2_2024-07-15,1,3,0
338,2,2,338_2_2024-07-15,2,1,7.0710678118654755
338,2,2,338_2_2024-07-15,2,2,5
338,2,2,338_2_2024-07-15,2,3,5
338,2,2,338_2_2024-07-15,3,1,11.180339887498949
338,2,2,338_2_2024-07-15,3,2,11.180339887498949
338,2,2,338_2_2024-07-15,3,3,0
338,3,3,338_3_2024-07-15,1,1,0
338,3,3,338_3_2024-07-15,1,2,5
338,3,3,338_3_2024-07-15,1,3,5
338,3,3,338_3_2024-07-15,2,1,10
338,3,3,338_3_2024-07-15,2,2,0
338,3,3,338_3_2024-07-15,2,3,10
338,3,3,338_3_2024-07-15,3,1,0
338,3,3,338_3_2024-07-15,3,2,7.0710678118654755
338,3,3,338_3_2024-07-15,3,3,0
339,1,1,339_1_2024-07-22,1,1,0
339,1,1,339_1_2024-07-22,1,2,0
339,1,1,339_1_2024-07-22,1,3,0
339,1,1,339_1_2024-07-22,2,1,5
339,1,1,339_1_2024-07-22,2,2,5
339,1,1,339_1_2024-07-22,2,3,5
339,1,1,339_1_2024-07-22,3,1,5
339,1,1,339_1_2024-07-22,3,2,5
339,1,1,339_1_2024-07-22,3,3,11.180339887498949
339,2,2,339_2_2024-07-22,1,1,0
339,2,2,339_2_2024-07-22,1,2,5
339,2,2,339_2_2024-07-22,1,3,5
339,2,2,339_2_2024-07-22,2,1,0
339,2,2,339_2_2024-07-22,2,2,5
339,2,2,339_2_2024-07-22,2,3,5
339,2,2,339_2_2024-07-22,3,1,0
339,2,2,339_2_2024-07-22,3,2,7.0710678118654755
339,2,2,339_2_2024-07-22,3,3,0
339,3,3,339_3_2024-07-22,1,1,5
339,3,3,339_3_2024-07-22,1,2,5
339,3,3,339_3_2024-07-22,1,3,5
339,3,3,339_3_2024-07-22,2,1,0
339,3,3,339_3_2024-07-22,2,2,5
339,3,3,339_3_2024-07-22,2,3,5
339,3,3,339_3_2024-07-22,3,1,0
339,3,3,339_3_2024-07-22,3,2,0
339,3,3,339_3_2024-07-22,3,3,5
340,1,1,340_1_2024-07-30,1,1,5
340,1,1,340_1_2024-07-30,1,2,5
340,1,1,340_1_2024-07-30,1,3,0
340,1,1,340_1_2024-07-30,2,1,15
340,1,1,340_1_2024-07-30,2,2,7.0710678118654755
340,1,1,340_1_2024-07-30,2,3,5
340,1,1,340_1_2024-07-30,3,1,5
340,1,1,340_1_2024-07-30,3,2,7.0710678118654755
340,1,1,340_1_2024-07-30,3,3,10
340,2,2,340_2_2024-07-30,1,1,0
340,2,2,340_2_2024-07-30,1,2,0
340,2,2,340_2_2024-07-30,1,3,5
340,2,2,340_2_2024-07-30,2,1,11.180339887498949
340,2,2,340_2_2024-07-30,2,2,0
340,2,2,340_2_2024-07-30,2,3,10
340,2,2,340_2_2024-07-30,3,1,5
340,2,2,340_2_2024-07-30,3,2,7.0710678118654755
340,2,2,340_2_2024-07-30,3,3,7.0710678118654755
340,3,3,340_3_2024-07-30,1,1,0
340,3,3,340_3_2024-07-30,1,2,0
340,3,3,340_3_2024-07-30,1,3,0
340,3,3,340_3_2024-07-30,2,1,5
340,3,3,340_3_2024-07-30,2,2,5
340,3,3,340_3_2024-07-30,2,3,0
340,3,3,340_3_2024-07-30,3,1,0
340,3,3,340_3_2024-07-30,3,2,0
340,3,3,340_3_2024-07-30,3,3,5
341,1,1,341_1_2024-08-12,1,1,5
341,1,1,341_1_2024-08-12,1,2,0
341,1,1,341_1_2024-08-12,1,3,5
341,1,1,341_1_2024-08-12,2,1,0
341,1,1,341_1_2024-08-12,2,2,10
341,1,1,341_1_2024-08-12,2,3,5
341,1,1,341_1_2024-08-12,3,1,5
341,1,1,341_1_2024-08-12,3,2,5
341,1,1,341_1_2024-08-12,3,3,10
341,2,2,341_2_2024-08-12,1,1,0
341,2,2,341_2_2024-08-12,1,2,7.0710678118654755
341,2,2,341_2_2024-08-12,1,3,7.0710678118654755
341,2,2,341_2_2024-08-12,2,1,10
341,2,2,341_2_2024-08-12,2,2,15
341,2,2,341_2_2024-08-12,2,3,10
341,2,2,341_2_2024-08-12,3,1,0
341,2,2,341_2_2024-08-12,3,2,5
341,2,2,341_2_2024-08-12,3,3,5
341,3,3,341_3_2024-08-12,1,1,5
341,3,3,341_3_2024-08-12,1,2,7.0710678118654755
341,3,3,341_3_2024-08-12,1,3,5
341,3,3,341_3_2024-08-12,2,1,5
341,3,3,341_3_2024-08-12,2,2,5
341,3,3,341_3_2024-08-12,2,3,10
341,3,3,341_3_2024-08-12,3,1,0
341,3,3,341_3_2024-08-12,3,2,10
341,3,3,341_3_2024-08-12,3,3,5
342,1,1,342_1_2024-08-19,1,1,11.180339887498949
342,1,1,342_1_2024-08-19,1,2,0
342,1,1,342_1_2024-08-19,1,3,5
342,1,1,342_1_2024-08-19,2,1,0
342,1,1,342_1_2024-08-19,2,2,0
342,1,1,342_1_2024-08-19,2,3,0
342,1,1,342_1_2024-08-19,3,1,0
342,1,1,342_1_2024-08-19,3,2,5
342,1,1,342_1_2024-08-19,3,3,7.0710678118654755
342,2,2,342_2_2024-08-19,1,1,5
342,2,2,342_2_2024-08-19,1,2,5
342,2,2,342_2_2024-08-19,1,3,5
342,2,2,342_2_2024-08-19,2,1,7.0710678118654755
342,2,2,342_2_2024-08-19,2,2,5
342,2,2,342_2_2024-08-19,2,3,5
342,2,2,342_2_2024-08-19,3,1,7.0710678118654755
342,2,2,342_2_2024-08-19,3,2,5
342,2,2,342_2_2024-08-19,3,3,5
342,3,3,342_3_2024-08-19,1,1,5
342,3,3,342_3_2024-08-19,1,2,0
342,3,3,342_3_2024-08-19,1,3,5
342,3,3,342_3_2024-08-19,2,1,5
342,3,3,342_3_2024-08-19,2,2,5
342,3,3,342_3_2024-08-19,2,3,7.0710678118654755
342,3,3,342_3_2024-08-19,3,1,5
342,3,3,342_3_2024-08-19,3,2,10
342,3,3,342_3_2024-08-19,3,3,0
343,1,1,343_1_2024-08-29,1,1,0
343,1,1,343_1_2024-08-29,1,2,0
343,1,1,343_1_2024-08-29,1,3,0
343,1,1,343_1_2024-08-29,2,1,7.0710678118654755
343,1,1,343_1_2024-08-29,2,2,10
343,1,1,343_1_2024-08-29,2,3,11.180339887498949
343,1,1,343_1_2024-08-29,3,1,5
343,1,1,343_1_2024-08-29,3,2,7.0710678118654755
343,1,1,343_1_2024-08-29,3,3,0
343,2,2,343_2_2024-08-29,1,1,5
343,2,2,343_2_2024-08-29,1,2,0
343,2,2,343_2_2024-08-29,1,3,0
343,2,2,343_2_2024-08-29,2,1,0
343,2,2,343_2_2024-08-29,2,2,5
343,2,2,343_2_2024-08-29,2,3,11.180339887498949
343,2,2,343_2_2024-08-29,3,1,5
343,2,2,343_2_2024-08-29,3,2,7.0710678118654755
343,2,2,343_2_2024-08-29,3,3,0
343,3,3,343_3_2024-08-29,1,1,5
343,3,3,343_3_2024-08-29,1,2,5
343,3,3,343_3_2024-08-29,1,3,0
343,3,3,343_3_2024-08-29,2,1,0
343,3,3,343_3_2024-08-29,2,2,7.0710678118654755
343,3,3,343_3_2024-08-29,2,3,10
343,3,3,343_3_2024-08-29,3,1,11.180339887498949
343,3,3,343_3_2024-08-29,3,2,5
343,3,3,343_3_2024-08-29,3,3,5
346,1,1,346_1_2024-09-19,1,1,5
346,1,1,346_1_2024-09-19,1,2,5
346,1,1,346_1_2024-09-19,1,3,7.0710678118654755
346,1,1,346_1_2024-09-19,2,1,5
346,1,1,346_1_2024-09-19,2,2,5
346,1,1,346_1_2024-09-19,2,3,5
346,1,1,346_1_2024-09-19,3,1,10
346,1,1,346_1_2024-09-19,3,2,10
346,1,1,346_1_2024-09-19,3,3,5
346,2,2,346_2_2024-09-19,1,1,7.0710678118654755
346,2,2,346_2_2024-09-19,1,2,0
346,2,2,346_2_2024-09-19,1,3,0
346,2,2,346_2_2024-09-19,2,1,0
346,2,2,346_2_2024-09-19,2,2,5
346,2,2,346_2_2024-09-19,2,3,7.0710678118654755
346,2,2,346_2_2024-09-19,3,1,5
346,2,2,346_2_2024-09-19,3,2,0
346,2,2,346_2_2024-09-19,3,3,0
346,3,3,346_3_2024-09-19,1,1,0
346,3,3,346_3_2024-09-19,1,2,0
346,3,3,346_3_2024-09-19,1,3,0
346,3,3,346_3_2024-09-19,2,1,0
346,3,3,346_3_2024-09-19,2,2,0
346,3,3,346_3_2024-09-19,2,3,5
346,3,3,346_3_2024-09-19,3,1,5
346,3,3,346_3_2024-09-19,3,2,5
346,3,3,346_3_2024-09-19,3,3,5
347,1,1,347_1_2024-09-23,1,1,5
347,1,1,347_1_2024-09-23,1,2,5
347,1,1,347_1_2024-09-23,1,3,5
347,1,1,347_1_2024-09-23,2,1,10
347,1,1,347_1_2024-09-23,2,2,5
347,1,1,347_1_2024-09-23,2,3,11.180339887498949
347,1,1,347_1_2024-09-23,3,1,0
347,1,1,347_1_2024-09-23,3,2,5
347,1,1,347_1_2024-09-23,3,3,5
347,2,2,347_2_2024-09-23,1,1,5
347,2,2,347_2_2024-09-23,1,2,7.0710678118654755
347,2,2,347_2_2024-09-23,1,3,0
347,2,2,347_2_2024-09-23,2,1,0
347,2,2,347_2_2024-09-23,2,2,0
347,2,2,347_2_2024-09-23,2,3,0
347,2,2,347_2_2024-09-23,3,1,5
347,2,2,347_2_2024-09-23,3,2,0
347,2,2,347_2_2024-09-23,3,3,0
347,3,3,347_3_2024-09-23,1,1,5
347,3,3,347_3_2024-09-23,1,2,5
347,3,3,347_3_2024-09-23,1,3,5
347,3,3,347_3_2024-09-23,2,1,0
347,3,3,347_3_2024-09-23,2,2,0
347,3,3,347_3_2024-09-23,2,3,0
347,3,3,347_3_2024-09-23,3,1,5
347,3,3,347_3_2024-09-23,3,2,0
347,3,3,347_3_2024-09-23,3,3,0
348,1,1,348_1_2024-10-01,1,1,5
348,1,1,348_1_2024-10-01,1,2,0
348,1,1,348_1_2024-10-01,1,3,0
348,1,1,348_1_2024-10-01,2,1,0
348,1,1,348_1_2024-10-01,2,2,0
348,1,1,348_1_2024-10-01,2,3,0
348,1,1,348_1_2024-10-01,3,1,0
348,1,1,348_1_2024-10-01,3,2,0
348,1,1,348_1_2024-10-01,3,3,0
348,2,2,348_2_2024-10-01,1,1,0
348,2,2,348_2_2024-10-01,1,2,0
348,2,2,348_2_2024-10-01,1,3,0
348,2,2,348_2_2024-10-01,2,1,0
348,2,2,348_2_2024-10-01,2,2,0
348,2,2,348_2_2024-10-01,2,3,0
348,2,2,348_2_2024-10-01,3,1,5
348,2,2,348_2_2024-10-01,3,2,5
348,2,2,348_2_2024-10-01,3,3,0
348,3,3,348_3_2024-10-01,1,1,0
348,3,3,348_3_2024-10-01,1,2,5
348,3,3,348_3_2024-10-01,1,3,0
348,3,3,348_3_2024-10-01,2,1,0
348,3,3,348_3_2024-10-01,2,2,0
348,3,3,348_3_2024-10-01,2,3,0
348,3,3,348_3_2024-10-01,3,1,7.0710678118654755
348,3,3,348_3_2024-10-01,3,2,5
348,3,3,348_3_2024-10-01,3,3,0
349,1,1,349_1_2024-09-24,1,1,5
349,1,1,349_1_2024-09-24,1,2,0
349,1,1,349_1_2024-09-24,1,3,7.0710678118654755
349,1,1,349_1_2024-09-24,2,1,7.0710678118654755
349,1,1,349_1_2024-09-24,2,2,5
349,1,1,349_1_2024-09-24,2,3,7.0710678118654755
349,1,1,349_1_2024-09-24,3,1,5
349,1,1,349_1_2024-09-24,3,2,7.0710678118654755
349,1,1,349_1_2024-09-24,3,3,0
349,2,2,349_2_2024-09-24,1,1,5
349,2,2,349_2_2024-09-24,1,2,5
349,2,2,349_2_2024-09-24,1,3,5
349,2,2,349_2_2024-09-24,2,1,0
349,2,2,349_2_2024-09-24,2,2,7.0710678118654755
349,2,2,349_2_2024-09-24,2,3,5
349,2,2,349_2_2024-09-24,3,1,5
349,2,2,349_2_2024-09-24,3,2,0
349,2,2,349_2_2024-09-24,3,3,7.0710678118654755
349,3,3,349_3_2024-09-24,1,1,5
349,3,3,349_3_2024-09-24,1,2,5
349,3,3,349_3_2024-09-24,1,3,7.0710678118654755
349,3,3,349_3_2024-09-24,2,1,7.0710678118654755
349,3,3,349_3_2024-09-24,2,2,7.0710678118654755
349,3,3,349_3_2024-09-24,2,3,5
349,3,3,349_3_2024-09-24,3,1,5
349,3,3,349_3_2024-09-24,3,2,5
349,3,3,349_3_2024-09-24,3,3,5
351,2,1,351_2_2024-09-26,1,1,7.0710678118654755
351,2,1,351_2_2024-09-26,1,2,5
351,2,1,351_2_2024-09-26,1,3,5
351,2,1,351_2_2024-09-26,2,1,7.0710678118654755
351,2,1,351_2_2024-09-26,2,2,5
351,2,1,351_2_2024-09-26,2,3,5
351,2,1,351_2_2024-09-26,3,1,0
351,2,1,351_2_2024-09-26,3,2,0
351,2,1,351_2_2024-09-26,3,3,0
351,3,2,351_3_2024-09-26,1,1,0
351,3,2,351_3_2024-09-26,1,2,0
351,3,2,351_3_2024-09-26,1,3,5
351,3,2,351_3_2024-09-26,2,1,5
351,3,2,351_3_2024-09-26,2,2,5
351,3,2,351_3_2024-09-26,2,3,5
351,3,2,351_3_2024-09-26,3,1,5
351,3,2,351_3_2024-09-26,3,2,0
351,3,2,351_3_2024-09-26,3,3,5
351,4,3,351_4_2024-09-26,1,1,0
351,4,3,351_4_2024-09-26,1,2,0
351,4,3,351_4_2024-09-26,1,3,7.0710678118654755
351,4,3,351_4_2024-09-26,2,1,5
351,4,3,351_4_2024-09-26,2,2,5
351,4,3,351_4_2024-09-26,2,3,5
351,4,3,351_4_2024-09-26,3,1,0
351,4,3,351_4_2024-09-26,3,2,0
351,4,3,351_4_2024-09-26,3,3,0
352,1,1,352_1_2024-11-21,1,1,5
352,1,1,352_1_2024-11-21,1,2,5
352,1,1,352_1_2024-11-21,1,3,5
352,1,1,352_1_2024-11-21,2,1,0
352,1,1,352_1_2024-11-21,2,2,5
352,1,1,352_1_2024-11-21,2,3,0
352,1,1,352_1_2024-11-21,3,1,5
352,1,1,352_1_2024-11-21,3,2,5
352,1,1,352_1_2024-11-21,3,3,5
352,2,2,352_2_2024-11-21,1,1,0
352,2,2,352_2_2024-11-21,1,2,0
352,2,2,352_2_2024-11-21,1,3,0
352,2,2,352_2_2024-11-21,2,1,0
352,2,2,352_2_2024-11-21,2,2,0
352,2,2,352_2_2024-11-21,2,3,0
352,2,2,352_2_2024-11-21,3,1,5
352,2,2,352_2_2024-11-21,3,2,5
352,2,2,352_2_2024-11-21,3,3,5
352,3,3,352_3_2024-11-21,1,1,0
352,3,3,352_3_2024-11-21,1,2,5
352,3,3,352_3_2024-11-21,1,3,0
352,3,3,352_3_2024-11-21,2,1,0
352,3,3,352_3_2024-11-21,2,2,0
352,3,3,352_3_2024-11-21,2,3,0
352,3,3,352_3_2024-11-21,3,1,0
352,3,3,352_3_2024-11-21,3,2,0
352,3,3,352_3_2024-11-21,3,3,0
353,2,1,353_2_2024-10-21,1,1,5
353,2,1,353_2_2024-10-21,1,2,5
353,2,1,353_2_2024-10-21,1,3,7.0710678118654755
353,2,1,353_2_2024-10-21,2,1,0
353,2,1,353_2_2024-10-21,2,2,5
353,2,1,353_2_2024-10-21,2,3,0
353,2,1,353_2_2024-10-21,3,1,7.0710678118654755
353,2,1,353_2_2024-10-21,3,2,7.0710678118654755
353,2,1,353_2_2024-10-21,3,3,5
353,3,2,353_3_2024-10-21,1,1,5
353,3,2,353_3_2024-10-21,1,2,0
353,3,2,353_3_2024-10-21,1,3,10
353,3,2,353_3_2024-10-21,2,1,7.0710678118654755
353,3,2,353_3_2024-10-21,2,2,10
353,3,2,353_3_2024-10-21,2,3,0
353,3,2,353_3_2024-10-21,3,1,5
353,3,2,353_3_2024-10-21,3,2,5
353,3,2,353_3_2024-10-21,3,3,0
353,4,3,353_4_2024-10-21,1,1,5
353,4,3,353_4_2024-10-21,1,2,7.0710678118654755
353,4,3,353_4_2024-10-21,1,3,0
353,4,3,353_4_2024-10-21,2,1,0
353,4,3,353_4_2024-10-21,2,2,5
353,4,3,353_4_2024-10-21,2,3,5
353,4,3,353_4_2024-10-21,3,1,0
353,4,3,353_4_2024-10-21,3,2,0
353,4,3,353_4_2024-10-21,3,3,5
354,1,1,354_1_2024-10-29,1,1,0
354,1,1,354_1_2024-10-29,1,2,0
354,1,1,354_1_2024-10-29,1,3,5
354,1,1,354_1_2024-10-29,2,1,0
354,1,1,354_1_2024-10-29,2,2,5
354,1,1,354_1_2024-10-29,2,3,5
354,1,1,354_1_2024-10-29,3,1,11.180339887498949
354,1,1,354_1_2024-10-29,3,2,5
354,1,1,354_1_2024-10-29,3,3,0
354,2,2,354_2_2024-10-29,1,1,7.0710678118654755
354,2,2,354_2_2024-10-29,1,2,7.0710678118654755
354,2,2,354_2_2024-10-29,1,3,11.180339887498949
354,2,2,354_2_2024-10-29,2,1,0
354,2,2,354_2_2024-10-29,2,2,0
354,2,2,354_2_2024-10-29,2,3,0
354,2,2,354_2_2024-10-29,3,1,0
354,2,2,354_2_2024-10-29,3,2,0
354,2,2,354_2_2024-10-29,3,3,0
354,3,3,354_3_2024-10-29,1,1,0
354,3,3,354_3_2024-10-29,1,2,0
354,3,3,354_3_2024-10-29,1,3,0
354,3,3,354_3_2024-10-29,2,1,0
354,3,3,354_3_2024-10-29,2,2,0
354,3,3,354_3_2024-10-29,2,3,0
354,3,3,354_3_2024-10-29,3,1,0
354,3,3,354_3_2024-10-29,3,2,5
354,3,3,354_3_2024-10-29,3,3,5
355,1,1,355_1_2024-11-07,1,1,0
355,1,1,355_1_2024-11-07,1,2,0
355,1,1,355_1_2024-11-07,1,3,0
355,1,1,355_1_2024-11-07,2,1,0
355,1,1,355_1_2024-11-07,2,2,0
355,1,1,355_1_2024-11-07,2,3,0
355,1,1,355_1_2024-11-07,3,1,0
355,1,1,355_1_2024-11-07,3,2,0
355,1,1,355_1_2024-11-07,3,3,0
355,2,2,355_2_2024-11-07,1,1,0
355,2,2,355_2_2024-11-07,1,2,0
355,2,2,355_2_2024-11-07,1,3,0
355,2,2,355_2_2024-11-07,2,1,0
355,2,2,355_2_2024-11-07,2,2,0
355,2,2,355_2_2024-11-07,2,3,0
355,2,2,355_2_2024-11-07,3,1,5
355,2,2,355_2_2024-11-07,3,2,5
355,2,2,355_2_2024-11-07,3,3,0
355,3,3,355_3_2024-11-07,1,1,5
355,3,3,355_3_2024-11-07,1,2,0
355,3,3,355_3_2024-11-07,1,3,0
355,3,3,355_3_2024-11-07,2,1,0
355,3,3,355_3_2024-11-07,2,2,0
355,3,3,355_3_2024-11-07,2,3,0
355,3,3,355_3_2024-11-07,3,1,5
355,3,3,355_3_2024-11-07,3,2,5
355,3,3,355_3_2024-11-07,3,3,5
356,1,1,356_1_2024-11-26,1,1,0
356,1,1,356_1_2024-11-26,1,2,7.0710678118654755
356,1,1,356_1_2024-11-26,1,3,10
356,1,1,356_1_2024-11-26,2,1,0
356,1,1,356_1_2024-11-26,2,2,7.0710678118654755
356,1,1,356_1_2024-11-26,2,3,7.0710678118654755
356,1,1,356_1_2024-11-26,3,1,0
356,1,1,356_1_2024-11-26,3,2,5
356,1,1,356_1_2024-11-26,3,3,5
356,2,2,356_2_2024-11-26,1,1,0
356,2,2,356_2_2024-11-26,1,2,5
356,2,2,356_2_2024-11-26,1,3,7.0710678118654755
356,2,2,356_2_2024-11-26,2,1,0
356,2,2,356_2_2024-11-26,2,2,0
356,2,2,356_2_2024-11-26,2,3,5
356,2,2,356_2_2024-11-26,3,1,0
356,2,2,356_2_2024-11-26,3,2,0
356,2,2,356_2_2024-11-26,3,3,0
356,3,3,356_3_2024-11-26,1,1,0
356,3,3,356_3_2024-11-26,1,2,0
356,3,3,356_3_2024-11-26,1,3,5
356,3,3,356_3_2024-11-26,2,1,0
356,3,3,356_3_2024-11-26,2,2,5
356,3,3,356_3_2024-11-26,2,3,0
356,3,3,356_3_2024-11-26,3,1,0
356,3,3,356_3_2024-11-26,3,2,0
356,3,3,356_3_2024-11-26,3,3,0
357,1,1,357_1_2024-12-04,1,1,0
357,1,1,357_1_2024-12-04,1,2,0
357,1,1,357_1_2024-12-04,1,3,5
357,1,1,357_1_2024-12-04,2,1,0
357,1,1,357_1_2024-12-04,2,2,0
357,1,1,357_1_2024-12-04,2,3,0
357,1,1,357_1_2024-12-04,3,1,0
357,1,1,357_1_2024-12-04,3,2,5
357,1,1,357_1_2024-12-04,3,3,5
357,2,2,357_2_2024-12-04,1,1,0
357,2,2,357_2_2024-12-04,1,2,0
357,2,2,357_2_2024-12-04,1,3,0
357,2,2,357_2_2024-12-04,2,1,0
357,2,2,357_2_2024-12-04,2,2,0
357,2,2,357_2_2024-12-04,2,3,0
357,2,2,357_2_2024-12-04,3,1,0
357,2,2,357_2_2024-12-04,3,2,0
357,2,2,357_2_2024-12-04,3,3,5
357,3,3,357_3_2024-12-04,1,1,0
357,3,3,357_3_2024-12-04,1,2,0
357,3,3,357_3_2024-12-04,1,3,7.0710678118654755
357,3,3,357_3_2024-12-04,2,1,0
357,3,3,357_3_2024-12-04,2,2,0
357,3,3,357_3_2024-12-04,2,3,0
357,3,3,357_3_2024-12-04,3,1,0
357,3,3,357_3_2024-12-04,3,2,0
357,3,3,357_3_2024-12-04,3,3,0
358,1,1,358_1_2024-12-09,1,1,0
358,1,1,358_1_2024-12-09,1,2,0
358,1,1,358_1_2024-12-09,1,3,0
358,1,1,358_1_2024-12-09,2,1,10
358,1,1,358_1_2024-12-09,2,2,5
358,1,1,358_1_2024-12-09,2,3,0
358,1,1,358_1_2024-12-09,3,1,7.0710678118654755
358,1,1,358_1_2024-12-09,3,2,0
358,1,1,358_1_2024-12-09,3,3,0
358,2,2,358_2_2024-12-09,1,1,0
358,2,2,358_2_2024-12-09,1,2,7.0710678118654755
358,2,2,358_2_2024-12-09,1,3,0
358,2,2,358_2_2024-12-09,2,1,0
358,2,2,358_2_2024-12-09,2,2,0
358,2,2,358_2_2024-12-09,2,3,0
358,2,2,358_2_2024-12-09,3,1,0
358,2,2,358_2_2024-12-09,3,2,0
358,2,2,358_2_2024-12-09,3,3,0
358,3,3,358_3_2024-12-09,1,1,0
358,3,3,358_3_2024-12-09,1,2,0
358,3,3,358_3_2024-12-09,1,3,0
358,3,3,358_3_2024-12-09,2,1,0
358,3,3,358_3_2024-12-09,2,2,0
358,3,3,358_3_2024-12-09,2,3,0
358,3,3,358_3_2024-12-09,3,1,5
358,3,3,358_3_2024-12-09,3,2,5
358,3,3,358_3_2024-12-09,3,3,7.0710678118654755
359,1,1,359_1_2024-12-12,1,1,0
359,1,1,359_1_2024-12-12,1,2,11.180339887498949
359,1,1,359_1_2024-12-12,1,3,0
359,1,1,359_1_2024-12-12,2,1,5
359,1,1,359_1_2024-12-12,2,2,7.0710678118654755
359,1,1,359_1_2024-12-12,2,3,7.0710678118654755
359,1,1,359_1_2024-12-12,3,1,5
359,1,1,359_1_2024-12-12,3,2,0
359,1,1,359_1_2024-12-12,3,3,0
359,2,2,359_2_2024-12-12,1,1,5
359,2,2,359_2_2024-12-12,1,2,5
359,2,2,359_2_2024-12-12,1,3,5
359,2,2,359_2_2024-12-12,2,1,5
359,2,2,359_2_2024-12-12,2,2,14.142135623730951
359,2,2,359_2_2024-12-12,2,3,0
359,2,2,359_2_2024-12-12,3,1,11.180339887498949
359,2,2,359_2_2024-12-12,3,2,5
359,2,2,359_2_2024-12-12,3,3,5
359,3,3,359_3_2024-12-12,1,1,0
359,3,3,359_3_2024-12-12,1,2,5
359,3,3,359_3_2024-12-12,1,3,0
359,3,3,359_3_2024-12-12,2,1,0
359,3,3,359_3_2024-12-12,2,2,0
359,3,3,359_3_2024-12-12,2,3,5
359,3,3,359_3_2024-12-12,3,1,5
359,3,3,359_3_2024-12-12,3,2,5
359,3,3,359_3_2024-12-12,3,3,5
360,1,1,360_1_2025-01-15,1,1,11.180339887498949
360,1,1,360_1_2025-01-15,1,2,0
360,1,1,360_1_2025-01-15,1,3,0
360,1,1,360_1_2025-01-15,2,1,0
360,1,1,360_1_2025-01-15,2,2,7.0710678118654755
360,1,1,360_1_2025-01-15,2,3,15
360,1,1,360_1_2025-01-15,3,1,0
360,1,1,360_1_2025-01-15,3,2,0
360,1,1,360_1_2025-01-15,3,3,0
360,2,2,360_2_2025-01-15,1,1,0
360,2,2,360_2_2025-01-15,1,2,0
360,2,2,360_2_2025-01-15,1,3,5
360,2,2,360_2_2025-01-15,2,1,0
360,2,2,360_2_2025-01-15,2,2,10
360,2,2,360_2_2025-01-15,2,3,7.0710678118654755
360,2,2,360_2_2025-01-15,3,1,10
360,2,2,360_2_2025-01-15,3,2,5
360,2,2,360_2_2025-01-15,3,3,10
360,3,3,360_3_2025-01-15,1,1,5
360,3,3,360_3_2025-01-15,1,2,7.0710678118654755
360,3,3,360_3_2025-01-15,1,3,7.0710678118654755
360,3,3,360_3_2025-01-15,2,1,0
360,3,3,360_3_2025-01-15,2,2,5
360,3,3,360_3_2025-01-15,2,3,7.0710678118654755
360,3,3,360_3_2025-01-15,3,1,0
360,3,3,360_3_2025-01-15,3,2,10
360,3,3,360_3_2025-01-15,3,3,10
361,1,1,361_1_2025-01-31,1,1,0
361,1,1,361_1_2025-01-31,1,2,5
361,1,1,361_1_2025-01-31,1,3,5
361,1,1,361_1_2025-01-31,2,1,5
361,1,1,361_1_2025-01-31,2,2,0
361,1,1,361_1_2025-01-31,2,3,5
361,1,1,361_1_2025-01-31,3,1,7.0710678118654755
361,1,1,361_1_2025-01-31,3,2,5
361,1,1,361_1_2025-01-31,3,3,7.0710678118654755
361,2,2,361_2_2025-01-31,1,1,0
361,2,2,361_2_2025-01-31,1,2,5
361,2,2,361_2_2025-01-31,1,3,5
361,2,2,361_2_2025-01-31,2,1,0
361,2,2,361_2_2025-01-31,2,2,0
361,2,2,361_2_2025-01-31,2,3,0
361,2,2,361_2_2025-01-31,3,1,5
361,2,2,361_2_2025-01-31,3,2,0
361,2,2,361_2_2025-01-31,3,3,0
361,3,3,361_3_2025-01-31,1,1,7.0710678118654755
361,3,3,361_3_2025-01-31,1,2,0
361,3,3,361_3_2025-01-31,1,3,0
361,3,3,361_3_2025-01-31,2,1,0
361,3,3,361_3_2025-01-31,2,2,10
361,3,3,361_3_2025-01-31,2,3,10
361,3,3,361_3_2025-01-31,3,1,7.0710678118654755
361,3,3,361_3_2025-01-31,3,2,0
361,3,3,361_3_2025-01-31,3,3,5
362,1,1,362_1_2025-01-16,1,1,0
362,1,1,362_1_2025-01-16,1,2,0
362,1,1,362_1_2025-01-16,1,3,0
362,1,1,362_1_2025-01-16,2,1,0
362,1,1,362_1_2025-01-16,2,2,5
362,1,1,362_1_2025-01-16,2,3,5
362,1,1,362_1_2025-01-16,3,1,0
362,1,1,362_1_2025-01-16,3,2,5
362,1,1,362_1_2025-01-16,3,3,11.180339887498949
362,2,2,362_2_2025-01-16,1,1,0
362,2,2,362_2_2025-01-16,1,2,0
362,2,2,362_2_2025-01-16,1,3,7.0710678118654755
362,2,2,362_2_2025-01-16,2,1,5
362,2,2,362_2_2025-01-16,2,2,5
362,2,2,362_2_2025-01-16,2,3,5
362,2,2,362_2_2025-01-16,3,1,0
362,2,2,362_2_2025-01-16,3,2,0
362,2,2,362_2_2025-01-16,3,3,0
362,3,3,362_3_2025-01-16,1,1,5
362,3,3,362_3_2025-01-16,1,2,5
362,3,3,362_3_2025-01-16,1,3,5
362,3,3,362_3_2025-01-16,2,1,5
362,3,3,362_3_2025-01-16,2,2,0
362,3,3,362_3_2025-01-16,2,3,0
362,3,3,362_3_2025-01-16,3,1,0
362,3,3,362_3_2025-01-16,3,2,0
362,3,3,362_3_2025-01-16,3,3,0
